[     716ms] [ERROR] Failed to load resource: the server responded with a status of 404 () @ https://openlen.com/favicon.ico:0
[    3815ms] [WARNING] The resource https://openlen.com/_next/static/css/46d199d48afef9c0.css was preloaded using link preload but not used within a few seconds from the window's load event. Please make sure it has an appropriate `as` value and it is preloaded intentionally. @ https://openlen.com/api/templates:0
[    3815ms] [WARNING] The resource https://openlen.com/_next/static/css/053ccc37dbf86510.css was preloaded using link preload but not used within a few seconds from the window's load event. Please make sure it has an appropriate `as` value and it is preloaded intentionally. @ https://openlen.com/api/templates:0
[   30613ms] [ERROR] Access to fetch at 'https://templates.openlen.com/templates/cartograph-a8b457eac4e1.html' from origin 'https://openlen.com' has been blocked by CORS policy: No 'Access-Control-Allow-Origin' header is present on the requested resource. @ https://openlen.com/api/templates:0
[   30614ms] [ERROR] Failed to load resource: net::ERR_FAILED @ https://templates.openlen.com/templates/cartograph-a8b457eac4e1.html:0
[   30623ms] [ERROR] Access to fetch at 'https://templates.openlen.com/templates/mantle-f955f7d961a3.html' from origin 'https://openlen.com' has been blocked by CORS policy: No 'Access-Control-Allow-Origin' header is present on the requested resource. @ https://openlen.com/api/templates:0
[   30623ms] [ERROR] Failed to load resource: net::ERR_FAILED @ https://templates.openlen.com/templates/mantle-f955f7d961a3.html:0
[   30624ms] [ERROR] Access to fetch at 'https://templates.openlen.com/templates/ledger-e2047cb8b410.html' from origin 'https://openlen.com' has been blocked by CORS policy: No 'Access-Control-Allow-Origin' header is present on the requested resource. @ https://openlen.com/api/templates:0
[   30625ms] [ERROR] Failed to load resource: net::ERR_FAILED @ https://templates.openlen.com/templates/ledger-e2047cb8b410.html:0
[   30629ms] [ERROR] Access to fetch at 'https://templates.openlen.com/templates/brace-bed8ba432b4f.html' from origin 'https://openlen.com' has been blocked by CORS policy: No 'Access-Control-Allow-Origin' header is present on the requested resource. @ https://openlen.com/api/templates:0
[   30629ms] [ERROR] Failed to load resource: net::ERR_FAILED @ https://templates.openlen.com/templates/brace-bed8ba432b4f.html:0
[   30646ms] [ERROR] Access to fetch at 'https://templates.openlen.com/templates/kiln-01d8554151ae.html' from origin 'https://openlen.com' has been blocked by CORS policy: No 'Access-Control-Allow-Origin' header is present on the requested resource. @ https://openlen.com/api/templates:0
[   30646ms] [ERROR] Failed to load resource: net::ERR_FAILED @ https://templates.openlen.com/templates/kiln-01d8554151ae.html:0
[   30673ms] [ERROR] Access to fetch at 'https://templates.openlen.com/templates/pact-ba47fcc636e9.html' from origin 'https://openlen.com' has been blocked by CORS policy: No 'Access-Control-Allow-Origin' header is present on the requested resource. @ https://openlen.com/api/templates:0
[   30673ms] [ERROR] Failed to load resource: net::ERR_FAILED @ https://templates.openlen.com/templates/pact-ba47fcc636e9.html:0
[   30676ms] [ERROR] Access to fetch at 'https://templates.openlen.com/templates/anchor-239038894254.html' from origin 'https://openlen.com' has been blocked by CORS policy: No 'Access-Control-Allow-Origin' header is present on the requested resource. @ https://openlen.com/api/templates:0
[   30677ms] [ERROR] Failed to load resource: net::ERR_FAILED @ https://templates.openlen.com/templates/anchor-239038894254.html:0
[   30692ms] [ERROR] Access to fetch at 'https://templates.openlen.com/templates/frontier-a3c2080e7e21.html' from origin 'https://openlen.com' has been blocked by CORS policy: No 'Access-Control-Allow-Origin' header is present on the requested resource. @ https://openlen.com/api/templates:0
[   30692ms] [ERROR] Failed to load resource: net::ERR_FAILED @ https://templates.openlen.com/templates/frontier-a3c2080e7e21.html:0
[   30694ms] [ERROR] Access to fetch at 'https://templates.openlen.com/templates/trove-88bf5c5b35ad.html' from origin 'https://openlen.com' has been blocked by CORS policy: No 'Access-Control-Allow-Origin' header is present on the requested resource. @ https://openlen.com/api/templates:0
[   30694ms] [ERROR] Failed to load resource: net::ERR_FAILED @ https://templates.openlen.com/templates/trove-88bf5c5b35ad.html:0
[   30699ms] [ERROR] Access to fetch at 'https://templates.openlen.com/templates/counter-43ced3e457ec.html' from origin 'https://openlen.com' has been blocked by CORS policy: No 'Access-Control-Allow-Origin' header is present on the requested resource. @ https://openlen.com/api/templates:0
[   30699ms] [ERROR] Failed to load resource: net::ERR_FAILED @ https://templates.openlen.com/templates/counter-43ced3e457ec.html:0
[   30699ms] [ERROR] Access to fetch at 'https://templates.openlen.com/templates/pulse-7959c1fa768f.html' from origin 'https://openlen.com' has been blocked by CORS policy: No 'Access-Control-Allow-Origin' header is present on the requested resource. @ https://openlen.com/api/templates:0
[   30700ms] [ERROR] Failed to load resource: net::ERR_FAILED @ https://templates.openlen.com/templates/pulse-7959c1fa768f.html:0
[   30715ms] [ERROR] Access to fetch at 'https://templates.openlen.com/templates/compass-5204994afeac.html' from origin 'https://openlen.com' has been blocked by CORS policy: No 'Access-Control-Allow-Origin' header is present on the requested resource. @ https://openlen.com/api/templates:0
[   30715ms] [ERROR] Failed to load resource: net::ERR_FAILED @ https://templates.openlen.com/templates/compass-5204994afeac.html:0
[   30716ms] [ERROR] Access to fetch at 'https://templates.openlen.com/templates/foundry-7eeace7e8f2c.html' from origin 'https://openlen.com' has been blocked by CORS policy: No 'Access-Control-Allow-Origin' header is present on the requested resource. @ https://openlen.com/api/templates:0
[   30716ms] [ERROR] Failed to load resource: net::ERR_FAILED @ https://templates.openlen.com/templates/foundry-7eeace7e8f2c.html:0
[   30718ms] [ERROR] Access to fetch at 'https://templates.openlen.com/templates/loom-181ac9e4f719.html' from origin 'https://openlen.com' has been blocked by CORS policy: No 'Access-Control-Allow-Origin' header is present on the requested resource. @ https://openlen.com/api/templates:0
[   30718ms] [ERROR] Failed to load resource: net::ERR_FAILED @ https://templates.openlen.com/templates/loom-181ac9e4f719.html:0
[   30728ms] [ERROR] Access to fetch at 'https://templates.openlen.com/templates/tessera-4333e1d1cda1.html' from origin 'https://openlen.com' has been blocked by CORS policy: No 'Access-Control-Allow-Origin' header is present on the requested resource. @ https://openlen.com/api/templates:0
[   30728ms] [ERROR] Failed to load resource: net::ERR_FAILED @ https://templates.openlen.com/templates/tessera-4333e1d1cda1.html:0
[   30744ms] [ERROR] Access to fetch at 'https://templates.openlen.com/templates/aperture-3a2c5fd18111.html' from origin 'https://openlen.com' has been blocked by CORS policy: No 'Access-Control-Allow-Origin' header is present on the requested resource. @ https://openlen.com/api/templates:0
[   30744ms] [ERROR] Failed to load resource: net::ERR_FAILED @ https://templates.openlen.com/templates/aperture-3a2c5fd18111.html:0
[   30744ms] [ERROR] Access to fetch at 'https://templates.openlen.com/templates/mirror-5ff508bf6867.html' from origin 'https://openlen.com' has been blocked by CORS policy: No 'Access-Control-Allow-Origin' header is present on the requested resource. @ https://openlen.com/api/templates:0
[   30744ms] [ERROR] Failed to load resource: net::ERR_FAILED @ https://templates.openlen.com/templates/mirror-5ff508bf6867.html:0
[   30759ms] [ERROR] Access to fetch at 'https://templates.openlen.com/templates/codex-46cf02d05d09.html' from origin 'https://openlen.com' has been blocked by CORS policy: No 'Access-Control-Allow-Origin' header is present on the requested resource. @ https://openlen.com/api/templates:0
[   30759ms] [ERROR] Failed to load resource: net::ERR_FAILED @ https://templates.openlen.com/templates/codex-46cf02d05d09.html:0
[   30770ms] [ERROR] Access to fetch at 'https://templates.openlen.com/templates/field-guide-10f1bf7a2367.html' from origin 'https://openlen.com' has been blocked by CORS policy: No 'Access-Control-Allow-Origin' header is present on the requested resource. @ https://openlen.com/api/templates:0
[   30770ms] [ERROR] Failed to load resource: net::ERR_FAILED @ https://templates.openlen.com/templates/field-guide-10f1bf7a2367.html:0
[   30776ms] [ERROR] Access to fetch at 'https://templates.openlen.com/templates/atlas-091f6214e9b9.html' from origin 'https://openlen.com' has been blocked by CORS policy: No 'Access-Control-Allow-Origin' header is present on the requested resource. @ https://openlen.com/api/templates:0
[   30776ms] [ERROR] Failed to load resource: net::ERR_FAILED @ https://templates.openlen.com/templates/atlas-091f6214e9b9.html:0
[   30777ms] [ERROR] Access to fetch at 'https://templates.openlen.com/templates/pavilion-e4661ad7cf8c.html' from origin 'https://openlen.com' has been blocked by CORS policy: No 'Access-Control-Allow-Origin' header is present on the requested resource. @ https://openlen.com/api/templates:0
[   30777ms] [ERROR] Failed to load resource: net::ERR_FAILED @ https://templates.openlen.com/templates/pavilion-e4661ad7cf8c.html:0
[   30783ms] [ERROR] Access to fetch at 'https://templates.openlen.com/templates/manuscript-2c48c9ccf80a.html' from origin 'https://openlen.com' has been blocked by CORS policy: No 'Access-Control-Allow-Origin' header is present on the requested resource. @ https://openlen.com/api/templates:0
[   30783ms] [ERROR] Failed to load resource: net::ERR_FAILED @ https://templates.openlen.com/templates/manuscript-2c48c9ccf80a.html:0
[   30811ms] [ERROR] Access to fetch at 'https://templates.openlen.com/templates/quill-05fbba62d0f9.html' from origin 'https://openlen.com' has been blocked by CORS policy: No 'Access-Control-Allow-Origin' header is present on the requested resource. @ https://openlen.com/api/templates:0
[   30811ms] [ERROR] Failed to load resource: net::ERR_FAILED @ https://templates.openlen.com/templates/quill-05fbba62d0f9.html:0
[   30872ms] [ERROR] Access to fetch at 'https://templates.openlen.com/templates/receipts-646cba8b1031.html' from origin 'https://openlen.com' has been blocked by CORS policy: No 'Access-Control-Allow-Origin' header is present on the requested resource. @ https://openlen.com/api/templates:0
[   30872ms] [ERROR] Failed to load resource: net::ERR_FAILED @ https://templates.openlen.com/templates/receipts-646cba8b1031.html:0
[   30993ms] [ERROR] Access to fetch at 'https://templates.openlen.com/templates/glade-c7870378a826.html' from origin 'https://openlen.com' has been blocked by CORS policy: No 'Access-Control-Allow-Origin' header is present on the requested resource. @ https://openlen.com/api/templates:0
[   30993ms] [ERROR] Failed to load resource: net::ERR_FAILED @ https://templates.openlen.com/templates/glade-c7870378a826.html:0
[   31010ms] [ERROR] Access to fetch at 'https://templates.openlen.com/templates/eclipse-d67af5697688.html' from origin 'https://openlen.com' has been blocked by CORS policy: No 'Access-Control-Allow-Origin' header is present on the requested resource. @ https://openlen.com/api/templates:0
[   31010ms] [ERROR] Failed to load resource: net::ERR_FAILED @ https://templates.openlen.com/templates/eclipse-d67af5697688.html:0
[   31010ms] [ERROR] Access to fetch at 'https://templates.openlen.com/templates/reckon-ab2ba7e32d61.html' from origin 'https://openlen.com' has been blocked by CORS policy: No 'Access-Control-Allow-Origin' header is present on the requested resource. @ https://openlen.com/api/templates:0
[   31010ms] [ERROR] Failed to load resource: net::ERR_FAILED @ https://templates.openlen.com/templates/reckon-ab2ba7e32d61.html:0
[   31027ms] [ERROR] Access to fetch at 'https://templates.openlen.com/templates/pivot-e27b158a0212.html' from origin 'https://openlen.com' has been blocked by CORS policy: No 'Access-Control-Allow-Origin' header is present on the requested resource. @ https://openlen.com/api/templates:0
[   31027ms] [ERROR] Failed to load resource: net::ERR_FAILED @ https://templates.openlen.com/templates/pivot-e27b158a0212.html:0
[   31037ms] [ERROR] Access to fetch at 'https://templates.openlen.com/templates/forge-afe724aba835.html' from origin 'https://openlen.com' has been blocked by CORS policy: No 'Access-Control-Allow-Origin' header is present on the requested resource. @ https://openlen.com/api/templates:0
[   31038ms] [ERROR] Failed to load resource: net::ERR_FAILED @ https://templates.openlen.com/templates/forge-afe724aba835.html:0
[   31045ms] [ERROR] Access to fetch at 'https://templates.openlen.com/templates/tether-treasury-ae7a541c0d4b.html' from origin 'https://openlen.com' has been blocked by CORS policy: No 'Access-Control-Allow-Origin' header is present on the requested resource. @ https://openlen.com/api/templates:0
[   31045ms] [ERROR] Failed to load resource: net::ERR_FAILED @ https://templates.openlen.com/templates/tether-treasury-ae7a541c0d4b.html:0
[   31047ms] [ERROR] Access to fetch at 'https://templates.openlen.com/templates/reservoir-b34e074d9891.html' from origin 'https://openlen.com' has been blocked by CORS policy: No 'Access-Control-Allow-Origin' header is present on the requested resource. @ https://openlen.com/api/templates:0
[   31047ms] [ERROR] Failed to load resource: net::ERR_FAILED @ https://templates.openlen.com/templates/reservoir-b34e074d9891.html:0
[   31049ms] [ERROR] Access to fetch at 'https://templates.openlen.com/templates/tide-ba17ca2716b8.html' from origin 'https://openlen.com' has been blocked by CORS policy: No 'Access-Control-Allow-Origin' header is present on the requested resource. @ https://openlen.com/api/templates:0
[   31049ms] [ERROR] Failed to load resource: net::ERR_FAILED @ https://templates.openlen.com/templates/tide-ba17ca2716b8.html:0
[   31050ms] [ERROR] Access to fetch at 'https://templates.openlen.com/templates/choir-ce3dc718c7f0.html' from origin 'https://openlen.com' has been blocked by CORS policy: No 'Access-Control-Allow-Origin' header is present on the requested resource. @ https://openlen.com/api/templates:0
[   31050ms] [ERROR] Failed to load resource: net::ERR_FAILED @ https://templates.openlen.com/templates/choir-ce3dc718c7f0.html:0
[   31052ms] [ERROR] Access to fetch at 'https://templates.openlen.com/templates/vita-d1b92474ba67.html' from origin 'https://openlen.com' has been blocked by CORS policy: No 'Access-Control-Allow-Origin' header is present on the requested resource. @ https://openlen.com/api/templates:0
[   31052ms] [ERROR] Failed to load resource: net::ERR_FAILED @ https://templates.openlen.com/templates/vita-d1b92474ba67.html:0
[   31054ms] [ERROR] Access to fetch at 'https://templates.openlen.com/templates/hearth-1ebcb96ec2d6.html' from origin 'https://openlen.com' has been blocked by CORS policy: No 'Access-Control-Allow-Origin' header is present on the requested resource. @ https://openlen.com/api/templates:0
[   31054ms] [ERROR] Failed to load resource: net::ERR_FAILED @ https://templates.openlen.com/templates/hearth-1ebcb96ec2d6.html:0
[   31056ms] [ERROR] Access to fetch at 'https://templates.openlen.com/templates/cadence-2bca9844aee4.html' from origin 'https://openlen.com' has been blocked by CORS policy: No 'Access-Control-Allow-Origin' header is present on the requested resource. @ https://openlen.com/api/templates:0
[   31056ms] [ERROR] Failed to load resource: net::ERR_FAILED @ https://templates.openlen.com/templates/cadence-2bca9844aee4.html:0
[   31057ms] [ERROR] Access to fetch at 'https://templates.openlen.com/templates/conduit-3b17d879623d.html' from origin 'https://openlen.com' has been blocked by CORS policy: No 'Access-Control-Allow-Origin' header is present on the requested resource. @ https://openlen.com/api/templates:0
[   31058ms] [ERROR] Failed to load resource: net::ERR_FAILED @ https://templates.openlen.com/templates/conduit-3b17d879623d.html:0
[   31061ms] [ERROR] Access to fetch at 'https://templates.openlen.com/templates/notebook-5ca61e392a65.html' from origin 'https://openlen.com' has been blocked by CORS policy: No 'Access-Control-Allow-Origin' header is present on the requested resource. @ https://openlen.com/api/templates:0
[   31061ms] [ERROR] Failed to load resource: net::ERR_FAILED @ https://templates.openlen.com/templates/notebook-5ca61e392a65.html:0
[   31062ms] [ERROR] Access to fetch at 'https://templates.openlen.com/templates/pebble-9e9f51c7f2b0.html' from origin 'https://openlen.com' has been blocked by CORS policy: No 'Access-Control-Allow-Origin' header is present on the requested resource. @ https://openlen.com/api/templates:0
[   31062ms] [ERROR] Failed to load resource: net::ERR_FAILED @ https://templates.openlen.com/templates/pebble-9e9f51c7f2b0.html:0
[   31064ms] [ERROR] Access to fetch at 'https://templates.openlen.com/templates/constellation-bad2ac35d25e.html' from origin 'https://openlen.com' has been blocked by CORS policy: No 'Access-Control-Allow-Origin' header is present on the requested resource. @ https://openlen.com/api/templates:0
[   31064ms] [ERROR] Failed to load resource: net::ERR_FAILED @ https://templates.openlen.com/templates/constellation-bad2ac35d25e.html:0
[   31066ms] [ERROR] Access to fetch at 'https://templates.openlen.com/templates/resume-8a6a00ba8b83.html' from origin 'https://openlen.com' has been blocked by CORS policy: No 'Access-Control-Allow-Origin' header is present on the requested resource. @ https://openlen.com/api/templates:0
[   31066ms] [ERROR] Failed to load resource: net::ERR_FAILED @ https://templates.openlen.com/templates/resume-8a6a00ba8b83.html:0
[   31069ms] [ERROR] Access to fetch at 'https://templates.openlen.com/templates/marquee-6344211fcdc7.html' from origin 'https://openlen.com' has been blocked by CORS policy: No 'Access-Control-Allow-Origin' header is present on the requested resource. @ https://openlen.com/api/templates:0
[   31069ms] [ERROR] Failed to load resource: net::ERR_FAILED @ https://templates.openlen.com/templates/marquee-6344211fcdc7.html:0
[   31071ms] [ERROR] Access to fetch at 'https://templates.openlen.com/templates/lyceum-50d2806bc278.html' from origin 'https://openlen.com' has been blocked by CORS policy: No 'Access-Control-Allow-Origin' header is present on the requested resource. @ https://openlen.com/api/templates:0
[   31071ms] [ERROR] Failed to load resource: net::ERR_FAILED @ https://templates.openlen.com/templates/lyceum-50d2806bc278.html:0
[   31077ms] [ERROR] Access to fetch at 'https://templates.openlen.com/templates/quiet-0faef6be2ce6.html' from origin 'https://openlen.com' has been blocked by CORS policy: No 'Access-Control-Allow-Origin' header is present on the requested resource. @ https://openlen.com/api/templates:0
[   31078ms] [ERROR] Failed to load resource: net::ERR_FAILED @ https://templates.openlen.com/templates/quiet-0faef6be2ce6.html:0
[   31078ms] [ERROR] Access to fetch at 'https://templates.openlen.com/templates/sketchbook-2900aa865ae2.html' from origin 'https://openlen.com' has been blocked by CORS policy: No 'Access-Control-Allow-Origin' header is present on the requested resource. @ https://openlen.com/api/templates:0
[   31078ms] [ERROR] Failed to load resource: net::ERR_FAILED @ https://templates.openlen.com/templates/sketchbook-2900aa865ae2.html:0
[   31088ms] [ERROR] Access to fetch at 'https://templates.openlen.com/templates/frame-d9a1454eae1e.html' from origin 'https://openlen.com' has been blocked by CORS policy: No 'Access-Control-Allow-Origin' header is present on the requested resource. @ https://openlen.com/api/templates:0
[   31088ms] [ERROR] Failed to load resource: net::ERR_FAILED @ https://templates.openlen.com/templates/frame-d9a1454eae1e.html:0
[   31134ms] [ERROR] Access to fetch at 'https://templates.openlen.com/templates/margin-34faf5dd82cb.html' from origin 'https://openlen.com' has been blocked by CORS policy: No 'Access-Control-Allow-Origin' header is present on the requested resource. @ https://openlen.com/api/templates:0
[   31134ms] [ERROR] Failed to load resource: net::ERR_FAILED @ https://templates.openlen.com/templates/margin-34faf5dd82cb.html:0
[   31155ms] [ERROR] Access to fetch at 'https://templates.openlen.com/templates/tally-77c211c0769d.html' from origin 'https://openlen.com' has been blocked by CORS policy: No 'Access-Control-Allow-Origin' header is present on the requested resource. @ https://openlen.com/api/templates:0
[   31155ms] [ERROR] Failed to load resource: net::ERR_FAILED @ https://templates.openlen.com/templates/tally-77c211c0769d.html:0
[   31283ms] [ERROR] Access to fetch at 'https://templates.openlen.com/templates/forge-lab-b9935c7fefc1.html' from origin 'https://openlen.com' has been blocked by CORS policy: No 'Access-Control-Allow-Origin' header is present on the requested resource. @ https://openlen.com/api/templates:0
[   31283ms] [ERROR] Failed to load resource: net::ERR_FAILED @ https://templates.openlen.com/templates/forge-lab-b9935c7fefc1.html:0
[   31300ms] [ERROR] Access to fetch at 'https://templates.openlen.com/templates/hatch-67ef9ba7b0d3.html' from origin 'https://openlen.com' has been blocked by CORS policy: No 'Access-Control-Allow-Origin' header is present on the requested resource. @ https://openlen.com/api/templates:0
[   31301ms] [ERROR] Failed to load resource: net::ERR_FAILED @ https://templates.openlen.com/templates/hatch-67ef9ba7b0d3.html:0
[   31313ms] [ERROR] Access to fetch at 'https://templates.openlen.com/templates/crucible-761d5ac680f9.html' from origin 'https://openlen.com' has been blocked by CORS policy: No 'Access-Control-Allow-Origin' header is present on the requested resource. @ https://openlen.com/api/templates:0
[   31313ms] [ERROR] Failed to load resource: net::ERR_FAILED @ https://templates.openlen.com/templates/crucible-761d5ac680f9.html:0
[   31318ms] [ERROR] Access to fetch at 'https://templates.openlen.com/templates/cohort-289d8243169a.html' from origin 'https://openlen.com' has been blocked by CORS policy: No 'Access-Control-Allow-Origin' header is present on the requested resource. @ https://openlen.com/api/templates:0
[   31318ms] [ERROR] Failed to load resource: net::ERR_FAILED @ https://templates.openlen.com/templates/cohort-289d8243169a.html:0
[   31324ms] [ERROR] Access to fetch at 'https://templates.openlen.com/templates/reverb-c6df2f223837.html' from origin 'https://openlen.com' has been blocked by CORS policy: No 'Access-Control-Allow-Origin' header is present on the requested resource. @ https://openlen.com/api/templates:0
[   31324ms] [ERROR] Failed to load resource: net::ERR_FAILED @ https://templates.openlen.com/templates/reverb-c6df2f223837.html:0
[   31325ms] [ERROR] Access to fetch at 'https://templates.openlen.com/templates/slate-3027dd546822.html' from origin 'https://openlen.com' has been blocked by CORS policy: No 'Access-Control-Allow-Origin' header is present on the requested resource. @ https://openlen.com/api/templates:0
[   31325ms] [ERROR] Failed to load resource: net::ERR_FAILED @ https://templates.openlen.com/templates/slate-3027dd546822.html:0
[   31330ms] [ERROR] Access to fetch at 'https://templates.openlen.com/templates/praxis-a220ac4127f2.html' from origin 'https://openlen.com' has been blocked by CORS policy: No 'Access-Control-Allow-Origin' header is present on the requested resource. @ https://openlen.com/api/templates:0
[   31330ms] [ERROR] Failed to load resource: net::ERR_FAILED @ https://templates.openlen.com/templates/praxis-a220ac4127f2.html:0
[   31331ms] [ERROR] Access to fetch at 'https://templates.openlen.com/templates/vellum-e1102cee551b.html' from origin 'https://openlen.com' has been blocked by CORS policy: No 'Access-Control-Allow-Origin' header is present on the requested resource. @ https://openlen.com/api/templates:0
[   31331ms] [ERROR] Failed to load resource: net::ERR_FAILED @ https://templates.openlen.com/templates/vellum-e1102cee551b.html:0
[   31334ms] [ERROR] Access to fetch at 'https://templates.openlen.com/templates/summit-b7342823f2d9.html' from origin 'https://openlen.com' has been blocked by CORS policy: No 'Access-Control-Allow-Origin' header is present on the requested resource. @ https://openlen.com/api/templates:0
[   31334ms] [ERROR] Failed to load resource: net::ERR_FAILED @ https://templates.openlen.com/templates/summit-b7342823f2d9.html:0
[   31335ms] [ERROR] Access to fetch at 'https://templates.openlen.com/templates/mason-b398cdcc17e1.html' from origin 'https://openlen.com' has been blocked by CORS policy: No 'Access-Control-Allow-Origin' header is present on the requested resource. @ https://openlen.com/api/templates:0
[   31335ms] [ERROR] Failed to load resource: net::ERR_FAILED @ https://templates.openlen.com/templates/mason-b398cdcc17e1.html:0
[   31338ms] [ERROR] Access to fetch at 'https://templates.openlen.com/templates/lumen-d86358b8dfc2.html' from origin 'https://openlen.com' has been blocked by CORS policy: No 'Access-Control-Allow-Origin' header is present on the requested resource. @ https://openlen.com/api/templates:0
[   31338ms] [ERROR] Failed to load resource: net::ERR_FAILED @ https://templates.openlen.com/templates/lumen-d86358b8dfc2.html:0
[   31339ms] [ERROR] Access to fetch at 'https://templates.openlen.com/templates/sprout-3651f57951a0.html' from origin 'https://openlen.com' has been blocked by CORS policy: No 'Access-Control-Allow-Origin' header is present on the requested resource. @ https://openlen.com/api/templates:0
[   31339ms] [ERROR] Failed to load resource: net::ERR_FAILED @ https://templates.openlen.com/templates/sprout-3651f57951a0.html:0
[   31339ms] [ERROR] Access to fetch at 'https://templates.openlen.com/templates/halcyon-fe44058fa463.html' from origin 'https://openlen.com' has been blocked by CORS policy: No 'Access-Control-Allow-Origin' header is present on the requested resource. @ https://openlen.com/api/templates:0
[   31339ms] [ERROR] Failed to load resource: net::ERR_FAILED @ https://templates.openlen.com/templates/halcyon-fe44058fa463.html:0
[   31343ms] [ERROR] Access to fetch at 'https://templates.openlen.com/templates/pier-a2eceb03b81a.html' from origin 'https://openlen.com' has been blocked by CORS policy: No 'Access-Control-Allow-Origin' header is present on the requested resource. @ https://openlen.com/api/templates:0
[   31343ms] [ERROR] Failed to load resource: net::ERR_FAILED @ https://templates.openlen.com/templates/pier-a2eceb03b81a.html:0
[   31345ms] [ERROR] Access to fetch at 'https://templates.openlen.com/templates/roundtable-704b2adea50f.html' from origin 'https://openlen.com' has been blocked by CORS policy: No 'Access-Control-Allow-Origin' header is present on the requested resource. @ https://openlen.com/api/templates:0
[   31345ms] [ERROR] Failed to load resource: net::ERR_FAILED @ https://templates.openlen.com/templates/roundtable-704b2adea50f.html:0
[   31347ms] [ERROR] Access to fetch at 'https://templates.openlen.com/templates/workshop-8e2cff70a664.html' from origin 'https://openlen.com' has been blocked by CORS policy: No 'Access-Control-Allow-Origin' header is present on the requested resource. @ https://openlen.com/api/templates:0
[   31347ms] [ERROR] Failed to load resource: net::ERR_FAILED @ https://templates.openlen.com/templates/workshop-8e2cff70a664.html:0
[   31351ms] [ERROR] Access to fetch at 'https://templates.openlen.com/templates/atrium-666745b264be.html' from origin 'https://openlen.com' has been blocked by CORS policy: No 'Access-Control-Allow-Origin' header is present on the requested resource. @ https://openlen.com/api/templates:0
[   31351ms] [ERROR] Failed to load resource: net::ERR_FAILED @ https://templates.openlen.com/templates/atrium-666745b264be.html:0
[   31363ms] [ERROR] Access to fetch at 'https://templates.openlen.com/templates/coil-16bdf7f5a5a7.html' from origin 'https://openlen.com' has been blocked by CORS policy: No 'Access-Control-Allow-Origin' header is present on the requested resource. @ https://openlen.com/api/templates:0
[   31363ms] [ERROR] Failed to load resource: net::ERR_FAILED @ https://templates.openlen.com/templates/coil-16bdf7f5a5a7.html:0
[   31387ms] [ERROR] Access to fetch at 'https://templates.openlen.com/templates/ribbon-8fd57cbf4ab4.html' from origin 'https://openlen.com' has been blocked by CORS policy: No 'Access-Control-Allow-Origin' header is present on the requested resource. @ https://openlen.com/api/templates:0
[   31388ms] [ERROR] Failed to load resource: net::ERR_FAILED @ https://templates.openlen.com/templates/ribbon-8fd57cbf4ab4.html:0
[   31400ms] [ERROR] Access to fetch at 'https://templates.openlen.com/templates/stride-b4cba25482d0.html' from origin 'https://openlen.com' has been blocked by CORS policy: No 'Access-Control-Allow-Origin' header is present on the requested resource. @ https://openlen.com/api/templates:0
[   31400ms] [ERROR] Failed to load resource: net::ERR_FAILED @ https://templates.openlen.com/templates/stride-b4cba25482d0.html:0
[   31403ms] [ERROR] Access to fetch at 'https://templates.openlen.com/templates/pulse-lab-7a4aefafd138.html' from origin 'https://openlen.com' has been blocked by CORS policy: No 'Access-Control-Allow-Origin' header is present on the requested resource. @ https://openlen.com/api/templates:0
[   31403ms] [ERROR] Failed to load resource: net::ERR_FAILED @ https://templates.openlen.com/templates/pulse-lab-7a4aefafd138.html:0
[   31495ms] [ERROR] Access to fetch at 'https://templates.openlen.com/templates/salon-8f6f768d0006.html' from origin 'https://openlen.com' has been blocked by CORS policy: No 'Access-Control-Allow-Origin' header is present on the requested resource. @ https://openlen.com/api/templates:0
[   31495ms] [ERROR] Failed to load resource: net::ERR_FAILED @ https://templates.openlen.com/templates/salon-8f6f768d0006.html:0
[   31564ms] [ERROR] Access to fetch at 'https://templates.openlen.com/templates/atelier-38f7c7b850cb.html' from origin 'https://openlen.com' has been blocked by CORS policy: No 'Access-Control-Allow-Origin' header is present on the requested resource. @ https://openlen.com/api/templates:0
[   31564ms] [ERROR] Failed to load resource: net::ERR_FAILED @ https://templates.openlen.com/templates/atelier-38f7c7b850cb.html:0
[   31637ms] [ERROR] Access to fetch at 'https://templates.openlen.com/templates/refract-4b92be370983.html' from origin 'https://openlen.com' has been blocked by CORS policy: No 'Access-Control-Allow-Origin' header is present on the requested resource. @ https://openlen.com/api/templates:0
[   31637ms] [ERROR] Failed to load resource: net::ERR_FAILED @ https://templates.openlen.com/templates/refract-4b92be370983.html:0
[   31764ms] [ERROR] Access to fetch at 'https://templates.openlen.com/templates/anvil-a65702f0633f.html' from origin 'https://openlen.com' has been blocked by CORS policy: No 'Access-Control-Allow-Origin' header is present on the requested resource. @ https://openlen.com/api/templates:0
[   31764ms] [ERROR] Failed to load resource: net::ERR_FAILED @ https://templates.openlen.com/templates/anvil-a65702f0633f.html:0
[   31768ms] [ERROR] Access to fetch at 'https://templates.openlen.com/templates/headwaters-9c2b77ab5157.html' from origin 'https://openlen.com' has been blocked by CORS policy: No 'Access-Control-Allow-Origin' header is present on the requested resource. @ https://openlen.com/api/templates:0
[   31768ms] [ERROR] Failed to load resource: net::ERR_FAILED @ https://templates.openlen.com/templates/headwaters-9c2b77ab5157.html:0
[   31794ms] [ERROR] Access to fetch at 'https://templates.openlen.com/templates/halo-0c9f7fcd263d.html' from origin 'https://openlen.com' has been blocked by CORS policy: No 'Access-Control-Allow-Origin' header is present on the requested resource. @ https://openlen.com/api/templates:0
[   31794ms] [ERROR] Failed to load resource: net::ERR_FAILED @ https://templates.openlen.com/templates/halo-0c9f7fcd263d.html:0
[   31797ms] [ERROR] Access to fetch at 'https://templates.openlen.com/templates/cascade-20e2481001a3.html' from origin 'https://openlen.com' has been blocked by CORS policy: No 'Access-Control-Allow-Origin' header is present on the requested resource. @ https://openlen.com/api/templates:0
[   31797ms] [ERROR] Failed to load resource: net::ERR_FAILED @ https://templates.openlen.com/templates/cascade-20e2481001a3.html:0
[   31798ms] [ERROR] Access to fetch at 'https://templates.openlen.com/templates/thicket-30239939ee1e.html' from origin 'https://openlen.com' has been blocked by CORS policy: No 'Access-Control-Allow-Origin' header is present on the requested resource. @ https://openlen.com/api/templates:0
[   31798ms] [ERROR] Failed to load resource: net::ERR_FAILED @ https://templates.openlen.com/templates/thicket-30239939ee1e.html:0
[   31803ms] [ERROR] Access to fetch at 'https://templates.openlen.com/templates/brightwork-a55fc8bd66f8.html' from origin 'https://openlen.com' has been blocked by CORS policy: No 'Access-Control-Allow-Origin' header is present on the requested resource. @ https://openlen.com/api/templates:0
[   31803ms] [ERROR] Failed to load resource: net::ERR_FAILED @ https://templates.openlen.com/templates/brightwork-a55fc8bd66f8.html:0
[   31806ms] [ERROR] Access to fetch at 'https://templates.openlen.com/templates/overclock-7bc654b21e2e.html' from origin 'https://openlen.com' has been blocked by CORS policy: No 'Access-Control-Allow-Origin' header is present on the requested resource. @ https://openlen.com/api/templates:0
[   31806ms] [ERROR] Failed to load resource: net::ERR_FAILED @ https://templates.openlen.com/templates/overclock-7bc654b21e2e.html:0
[   31810ms] [ERROR] Access to fetch at 'https://templates.openlen.com/templates/mesh-169d8e7cce34.html' from origin 'https://openlen.com' has been blocked by CORS policy: No 'Access-Control-Allow-Origin' header is present on the requested resource. @ https://openlen.com/api/templates:0
[   31811ms] [ERROR] Failed to load resource: net::ERR_FAILED @ https://templates.openlen.com/templates/mesh-169d8e7cce34.html:0
[   31815ms] [ERROR] Access to fetch at 'https://templates.openlen.com/templates/bloom-b61e8bcffc1e.html' from origin 'https://openlen.com' has been blocked by CORS policy: No 'Access-Control-Allow-Origin' header is present on the requested resource. @ https://openlen.com/api/templates:0
[   31815ms] [ERROR] Failed to load resource: net::ERR_FAILED @ https://templates.openlen.com/templates/bloom-b61e8bcffc1e.html:0
[   31819ms] [ERROR] Access to fetch at 'https://templates.openlen.com/templates/bracket-da625ec79c4c.html' from origin 'https://openlen.com' has been blocked by CORS policy: No 'Access-Control-Allow-Origin' header is present on the requested resource. @ https://openlen.com/api/templates:0
[   31819ms] [ERROR] Failed to load resource: net::ERR_FAILED @ https://templates.openlen.com/templates/bracket-da625ec79c4c.html:0
[   31819ms] [ERROR] Access to fetch at 'https://templates.openlen.com/templates/heron-873bfdda8c67.html' from origin 'https://openlen.com' has been blocked by CORS policy: No 'Access-Control-Allow-Origin' header is present on the requested resource. @ https://openlen.com/api/templates:0
[   31819ms] [ERROR] Failed to load resource: net::ERR_FAILED @ https://templates.openlen.com/templates/heron-873bfdda8c67.html:0
[   31824ms] [ERROR] Access to fetch at 'https://templates.openlen.com/templates/inkwell-332d8158581d.html' from origin 'https://openlen.com' has been blocked by CORS policy: No 'Access-Control-Allow-Origin' header is present on the requested resource. @ https://openlen.com/api/templates:0
[   31824ms] [ERROR] Failed to load resource: net::ERR_FAILED @ https://templates.openlen.com/templates/inkwell-332d8158581d.html:0
[   31824ms] [ERROR] Access to fetch at 'https://templates.openlen.com/templates/solstice-fe0681d12cd5.html' from origin 'https://openlen.com' has been blocked by CORS policy: No 'Access-Control-Allow-Origin' header is present on the requested resource. @ https://openlen.com/api/templates:0
[   31824ms] [ERROR] Failed to load resource: net::ERR_FAILED @ https://templates.openlen.com/templates/solstice-fe0681d12cd5.html:0
[   31827ms] [ERROR] Access to fetch at 'https://templates.openlen.com/templates/borealis-8947ffdf57fb.html' from origin 'https://openlen.com' has been blocked by CORS policy: No 'Access-Control-Allow-Origin' header is present on the requested resource. @ https://openlen.com/api/templates:0
[   31827ms] [ERROR] Failed to load resource: net::ERR_FAILED @ https://templates.openlen.com/templates/borealis-8947ffdf57fb.html:0
[   31829ms] [ERROR] Access to fetch at 'https://templates.openlen.com/templates/keystone-031b7eaf0ca0.html' from origin 'https://openlen.com' has been blocked by CORS policy: No 'Access-Control-Allow-Origin' header is present on the requested resource. @ https://openlen.com/api/templates:0
[   31829ms] [ERROR] Failed to load resource: net::ERR_FAILED @ https://templates.openlen.com/templates/keystone-031b7eaf0ca0.html:0
[   31830ms] [ERROR] Access to fetch at 'https://templates.openlen.com/templates/voltline-1a90698899fb.html' from origin 'https://openlen.com' has been blocked by CORS policy: No 'Access-Control-Allow-Origin' header is present on the requested resource. @ https://openlen.com/api/templates:0
[   31830ms] [ERROR] Failed to load resource: net::ERR_FAILED @ https://templates.openlen.com/templates/voltline-1a90698899fb.html:0
[   31834ms] [ERROR] Access to fetch at 'https://templates.openlen.com/templates/cantata-bb2dd232a3ed.html' from origin 'https://openlen.com' has been blocked by CORS policy: No 'Access-Control-Allow-Origin' header is present on the requested resource. @ https://openlen.com/api/templates:0
[   31834ms] [ERROR] Failed to load resource: net::ERR_FAILED @ https://templates.openlen.com/templates/cantata-bb2dd232a3ed.html:0
[   31844ms] [ERROR] Access to fetch at 'https://templates.openlen.com/templates/sunder-cad10cb8e5dc.html' from origin 'https://openlen.com' has been blocked by CORS policy: No 'Access-Control-Allow-Origin' header is present on the requested resource. @ https://openlen.com/api/templates:0
[   31844ms] [ERROR] Failed to load resource: net::ERR_FAILED @ https://templates.openlen.com/templates/sunder-cad10cb8e5dc.html:0
[   31847ms] [ERROR] Access to fetch at 'https://templates.openlen.com/templates/static-5d5cef12999d.html' from origin 'https://openlen.com' has been blocked by CORS policy: No 'Access-Control-Allow-Origin' header is present on the requested resource. @ https://openlen.com/api/templates:0
[   31847ms] [ERROR] Failed to load resource: net::ERR_FAILED @ https://templates.openlen.com/templates/static-5d5cef12999d.html:0
[   31849ms] [ERROR] Access to fetch at 'https://templates.openlen.com/templates/foxglove-62040337c4b2.html' from origin 'https://openlen.com' has been blocked by CORS policy: No 'Access-Control-Allow-Origin' header is present on the requested resource. @ https://openlen.com/api/templates:0
[   31849ms] [ERROR] Failed to load resource: net::ERR_FAILED @ https://templates.openlen.com/templates/foxglove-62040337c4b2.html:0
[   31851ms] [ERROR] Access to fetch at 'https://templates.openlen.com/templates/meadowlark-3a61fb16ea01.html' from origin 'https://openlen.com' has been blocked by CORS policy: No 'Access-Control-Allow-Origin' header is present on the requested resource. @ https://openlen.com/api/templates:0
[   31851ms] [ERROR] Failed to load resource: net::ERR_FAILED @ https://templates.openlen.com/templates/meadowlark-3a61fb16ea01.html:0
[   31879ms] [ERROR] Access to fetch at 'https://templates.openlen.com/templates/cairn-095a7788d03d.html' from origin 'https://openlen.com' has been blocked by CORS policy: No 'Access-Control-Allow-Origin' header is present on the requested resource. @ https://openlen.com/api/templates:0
[   31879ms] [ERROR] Failed to load resource: net::ERR_FAILED @ https://templates.openlen.com/templates/cairn-095a7788d03d.html:0
[   31919ms] [ERROR] Access to fetch at 'https://templates.openlen.com/templates/plumbline-bbfe699a5b96.html' from origin 'https://openlen.com' has been blocked by CORS policy: No 'Access-Control-Allow-Origin' header is present on the requested resource. @ https://openlen.com/api/templates:0
[   31919ms] [ERROR] Failed to load resource: net::ERR_FAILED @ https://templates.openlen.com/templates/plumbline-bbfe699a5b96.html:0
[   31925ms] [ERROR] Access to fetch at 'https://templates.openlen.com/templates/cinder-e80c86033807.html' from origin 'https://openlen.com' has been blocked by CORS policy: No 'Access-Control-Allow-Origin' header is present on the requested resource. @ https://openlen.com/api/templates:0
[   31925ms] [ERROR] Failed to load resource: net::ERR_FAILED @ https://templates.openlen.com/templates/cinder-e80c86033807.html:0
[   32038ms] [ERROR] Access to fetch at 'https://templates.openlen.com/templates/lantern-974a5d5782cd.html' from origin 'https://openlen.com' has been blocked by CORS policy: No 'Access-Control-Allow-Origin' header is present on the requested resource. @ https://openlen.com/api/templates:0
[   32038ms] [ERROR] Failed to load resource: net::ERR_FAILED @ https://templates.openlen.com/templates/lantern-974a5d5782cd.html:0
[   32091ms] [ERROR] Access to fetch at 'https://templates.openlen.com/templates/stillwater-aa06b913d7b4.html' from origin 'https://openlen.com' has been blocked by CORS policy: No 'Access-Control-Allow-Origin' header is present on the requested resource. @ https://openlen.com/api/templates:0
[   32092ms] [ERROR] Failed to load resource: net::ERR_FAILED @ https://templates.openlen.com/templates/stillwater-aa06b913d7b4.html:0
[   32094ms] [ERROR] Access to fetch at 'https://templates.openlen.com/templates/sunhouse-79ccdd08396c.html' from origin 'https://openlen.com' has been blocked by CORS policy: No 'Access-Control-Allow-Origin' header is present on the requested resource. @ https://openlen.com/api/templates:0
[   32094ms] [ERROR] Failed to load resource: net::ERR_FAILED @ https://templates.openlen.com/templates/sunhouse-79ccdd08396c.html:0
[   32101ms] [ERROR] Access to fetch at 'https://templates.openlen.com/templates/crux-a7f8bad89b17.html' from origin 'https://openlen.com' has been blocked by CORS policy: No 'Access-Control-Allow-Origin' header is present on the requested resource. @ https://openlen.com/api/templates:0
[   32101ms] [ERROR] Failed to load resource: net::ERR_FAILED @ https://templates.openlen.com/templates/crux-a7f8bad89b17.html:0
[   32102ms] [ERROR] Access to fetch at 'https://templates.openlen.com/templates/skylark-a6a097b539f2.html' from origin 'https://openlen.com' has been blocked by CORS policy: No 'Access-Control-Allow-Origin' header is present on the requested resource. @ https://openlen.com/api/templates:0
[   32102ms] [ERROR] Failed to load resource: net::ERR_FAILED @ https://templates.openlen.com/templates/skylark-a6a097b539f2.html:0
[   32102ms] [ERROR] Access to fetch at 'https://templates.openlen.com/templates/bulwark-a14bbd0b4d3e.html' from origin 'https://openlen.com' has been blocked by CORS policy: No 'Access-Control-Allow-Origin' header is present on the requested resource. @ https://openlen.com/api/templates:0
[   32102ms] [ERROR] Failed to load resource: net::ERR_FAILED @ https://templates.openlen.com/templates/bulwark-a14bbd0b4d3e.html:0
[   32109ms] [ERROR] Access to fetch at 'https://templates.openlen.com/templates/spool-1b4ee07e79b5.html' from origin 'https://openlen.com' has been blocked by CORS policy: No 'Access-Control-Allow-Origin' header is present on the requested resource. @ https://openlen.com/api/templates:0
[   32109ms] [ERROR] Failed to load resource: net::ERR_FAILED @ https://templates.openlen.com/templates/spool-1b4ee07e79b5.html:0
[   32110ms] [ERROR] Access to fetch at 'https://templates.openlen.com/templates/roam-81db9db34004.html' from origin 'https://openlen.com' has been blocked by CORS policy: No 'Access-Control-Allow-Origin' header is present on the requested resource. @ https://openlen.com/api/templates:0
[   32110ms] [ERROR] Failed to load resource: net::ERR_FAILED @ https://templates.openlen.com/templates/roam-81db9db34004.html:0
[   32114ms] [ERROR] Access to fetch at 'https://templates.openlen.com/templates/poise-8f8dc57248db.html' from origin 'https://openlen.com' has been blocked by CORS policy: No 'Access-Control-Allow-Origin' header is present on the requested resource. @ https://openlen.com/api/templates:0
[   32114ms] [ERROR] Failed to load resource: net::ERR_FAILED @ https://templates.openlen.com/templates/poise-8f8dc57248db.html:0
[   32114ms] [ERROR] Access to fetch at 'https://templates.openlen.com/templates/quorum-1c10b2a23b19.html' from origin 'https://openlen.com' has been blocked by CORS policy: No 'Access-Control-Allow-Origin' header is present on the requested resource. @ https://openlen.com/api/templates:0
[   32114ms] [ERROR] Failed to load resource: net::ERR_FAILED @ https://templates.openlen.com/templates/quorum-1c10b2a23b19.html:0
[   32116ms] [ERROR] Access to fetch at 'https://templates.openlen.com/templates/slipstream-481aaf9967c2.html' from origin 'https://openlen.com' has been blocked by CORS policy: No 'Access-Control-Allow-Origin' header is present on the requested resource. @ https://openlen.com/api/templates:0
[   32116ms] [ERROR] Failed to load resource: net::ERR_FAILED @ https://templates.openlen.com/templates/slipstream-481aaf9967c2.html:0
[   32123ms] [ERROR] Access to fetch at 'https://templates.openlen.com/templates/loop-ce38df7a6a4d.html' from origin 'https://openlen.com' has been blocked by CORS policy: No 'Access-Control-Allow-Origin' header is present on the requested resource. @ https://openlen.com/api/templates:0
[   32123ms] [ERROR] Failed to load resource: net::ERR_FAILED @ https://templates.openlen.com/templates/loop-ce38df7a6a4d.html:0
[   32136ms] [ERROR] Access to fetch at 'https://templates.openlen.com/templates/commontable-53a7740dc389.html' from origin 'https://openlen.com' has been blocked by CORS policy: No 'Access-Control-Allow-Origin' header is present on the requested resource. @ https://openlen.com/api/templates:0
[   32136ms] [ERROR] Failed to load resource: net::ERR_FAILED @ https://templates.openlen.com/templates/commontable-53a7740dc389.html:0
[   32138ms] [ERROR] Access to fetch at 'https://templates.openlen.com/templates/hearsay-5d5710133b42.html' from origin 'https://openlen.com' has been blocked by CORS policy: No 'Access-Control-Allow-Origin' header is present on the requested resource. @ https://openlen.com/api/templates:0
[   32138ms] [ERROR] Failed to load resource: net::ERR_FAILED @ https://templates.openlen.com/templates/hearsay-5d5710133b42.html:0
[   32164ms] [ERROR] Access to fetch at 'https://templates.openlen.com/templates/frequency-2eb458f55109.html' from origin 'https://openlen.com' has been blocked by CORS policy: No 'Access-Control-Allow-Origin' header is present on the requested resource. @ https://openlen.com/api/templates:0
[   32164ms] [ERROR] Failed to load resource: net::ERR_FAILED @ https://templates.openlen.com/templates/frequency-2eb458f55109.html:0
[   32166ms] [ERROR] Access to fetch at 'https://templates.openlen.com/templates/keel-e410bf3bec29.html' from origin 'https://openlen.com' has been blocked by CORS policy: No 'Access-Control-Allow-Origin' header is present on the requested resource. @ https://openlen.com/api/templates:0
[   32166ms] [ERROR] Failed to load resource: net::ERR_FAILED @ https://templates.openlen.com/templates/keel-e410bf3bec29.html:0
[   32167ms] [ERROR] Access to fetch at 'https://templates.openlen.com/templates/refuge-742c6f250dfb.html' from origin 'https://openlen.com' has been blocked by CORS policy: No 'Access-Control-Allow-Origin' header is present on the requested resource. @ https://openlen.com/api/templates:0
[   32167ms] [ERROR] Failed to load resource: net::ERR_FAILED @ https://templates.openlen.com/templates/refuge-742c6f250dfb.html:0
[   32169ms] [ERROR] Access to fetch at 'https://templates.openlen.com/templates/aside-01bdee706252.html' from origin 'https://openlen.com' has been blocked by CORS policy: No 'Access-Control-Allow-Origin' header is present on the requested resource. @ https://openlen.com/api/templates:0
[   32169ms] [ERROR] Failed to load resource: net::ERR_FAILED @ https://templates.openlen.com/templates/aside-01bdee706252.html:0
[   32170ms] [ERROR] Access to fetch at 'https://templates.openlen.com/templates/ironside-d1d6bf94fee9.html' from origin 'https://openlen.com' has been blocked by CORS policy: No 'Access-Control-Allow-Origin' header is present on the requested resource. @ https://openlen.com/api/templates:0
[   32170ms] [ERROR] Failed to load resource: net::ERR_FAILED @ https://templates.openlen.com/templates/ironside-d1d6bf94fee9.html:0
[   32177ms] [ERROR] Access to fetch at 'https://templates.openlen.com/templates/holdfast-a7dee12332dd.html' from origin 'https://openlen.com' has been blocked by CORS policy: No 'Access-Control-Allow-Origin' header is present on the requested resource. @ https://openlen.com/api/templates:0
[   32177ms] [ERROR] Failed to load resource: net::ERR_FAILED @ https://templates.openlen.com/templates/holdfast-a7dee12332dd.html:0
[   32189ms] [ERROR] Access to fetch at 'https://templates.openlen.com/templates/lintel-2bf31bedfe70.html' from origin 'https://openlen.com' has been blocked by CORS policy: No 'Access-Control-Allow-Origin' header is present on the requested resource. @ https://openlen.com/api/templates:0
[   32190ms] [ERROR] Failed to load resource: net::ERR_FAILED @ https://templates.openlen.com/templates/lintel-2bf31bedfe70.html:0
[   32205ms] [ERROR] Access to fetch at 'https://templates.openlen.com/templates/plinth-959ae3e21582.html' from origin 'https://openlen.com' has been blocked by CORS policy: No 'Access-Control-Allow-Origin' header is present on the requested resource. @ https://openlen.com/api/templates:0
[   32205ms] [ERROR] Failed to load resource: net::ERR_FAILED @ https://templates.openlen.com/templates/plinth-959ae3e21582.html:0
[   32207ms] [ERROR] Access to fetch at 'https://templates.openlen.com/templates/wavelength-9612c6f58bdf.html' from origin 'https://openlen.com' has been blocked by CORS policy: No 'Access-Control-Allow-Origin' header is present on the requested resource. @ https://openlen.com/api/templates:0
[   32207ms] [ERROR] Failed to load resource: net::ERR_FAILED @ https://templates.openlen.com/templates/wavelength-9612c6f58bdf.html:0
[   32265ms] [ERROR] Access to fetch at 'https://templates.openlen.com/templates/solace-e76fe3906a31.html' from origin 'https://openlen.com' has been blocked by CORS policy: No 'Access-Control-Allow-Origin' header is present on the requested resource. @ https://openlen.com/api/templates:0
[   32265ms] [ERROR] Failed to load resource: net::ERR_FAILED @ https://templates.openlen.com/templates/solace-e76fe3906a31.html:0
[   32382ms] [ERROR] Access to fetch at 'https://templates.openlen.com/templates/offshore-6f5e7a713f26.html' from origin 'https://openlen.com' has been blocked by CORS policy: No 'Access-Control-Allow-Origin' header is present on the requested resource. @ https://openlen.com/api/templates:0
[   32383ms] [ERROR] Failed to load resource: net::ERR_FAILED @ https://templates.openlen.com/templates/offshore-6f5e7a713f26.html:0
[   32390ms] [ERROR] Access to fetch at 'https://templates.openlen.com/templates/bio-phasewalk-ea99996aacb3.html' from origin 'https://openlen.com' has been blocked by CORS policy: No 'Access-Control-Allow-Origin' header is present on the requested resource. @ https://openlen.com/api/templates:0
[   32390ms] [ERROR] Failed to load resource: net::ERR_FAILED @ https://templates.openlen.com/templates/bio-phasewalk-ea99996aacb3.html:0
[   32392ms] [ERROR] Access to fetch at 'https://templates.openlen.com/templates/bittersweet-944f306174bf.html' from origin 'https://openlen.com' has been blocked by CORS policy: No 'Access-Control-Allow-Origin' header is present on the requested resource. @ https://openlen.com/api/templates:0
[   32392ms] [ERROR] Failed to load resource: net::ERR_FAILED @ https://templates.openlen.com/templates/bittersweet-944f306174bf.html:0
[   32415ms] [ERROR] Access to fetch at 'https://templates.openlen.com/templates/seaglass-680cf4677089.html' from origin 'https://openlen.com' has been blocked by CORS policy: No 'Access-Control-Allow-Origin' header is present on the requested resource. @ https://openlen.com/api/templates:0
[   32415ms] [ERROR] Failed to load resource: net::ERR_FAILED @ https://templates.openlen.com/templates/seaglass-680cf4677089.html:0
[   32431ms] [ERROR] Access to fetch at 'https://templates.openlen.com/templates/switchback-0df486a70e63.html' from origin 'https://openlen.com' has been blocked by CORS policy: No 'Access-Control-Allow-Origin' header is present on the requested resource. @ https://openlen.com/api/templates:0
[   32431ms] [ERROR] Failed to load resource: net::ERR_FAILED @ https://templates.openlen.com/templates/switchback-0df486a70e63.html:0
[   32439ms] [ERROR] Access to fetch at 'https://templates.openlen.com/templates/daybreak-61a10c64abd6.html' from origin 'https://openlen.com' has been blocked by CORS policy: No 'Access-Control-Allow-Origin' header is present on the requested resource. @ https://openlen.com/api/templates:0
[   32440ms] [ERROR] Failed to load resource: net::ERR_FAILED @ https://templates.openlen.com/templates/daybreak-61a10c64abd6.html:0
[   32443ms] [ERROR] Access to fetch at 'https://templates.openlen.com/templates/notch-03802c9cdcfd.html' from origin 'https://openlen.com' has been blocked by CORS policy: No 'Access-Control-Allow-Origin' header is present on the requested resource. @ https://openlen.com/api/templates:0
[   32443ms] [ERROR] Failed to load resource: net::ERR_FAILED @ https://templates.openlen.com/templates/notch-03802c9cdcfd.html:0
[   32444ms] [ERROR] Access to fetch at 'https://templates.openlen.com/templates/bolt-8e7937d807ea.html' from origin 'https://openlen.com' has been blocked by CORS policy: No 'Access-Control-Allow-Origin' header is present on the requested resource. @ https://openlen.com/api/templates:0
[   32444ms] [ERROR] Failed to load resource: net::ERR_FAILED @ https://templates.openlen.com/templates/bolt-8e7937d807ea.html:0
[   32444ms] [ERROR] Access to fetch at 'https://templates.openlen.com/templates/selvage-8c0835b56e40.html' from origin 'https://openlen.com' has been blocked by CORS policy: No 'Access-Control-Allow-Origin' header is present on the requested resource. @ https://openlen.com/api/templates:0
[   32444ms] [ERROR] Failed to load resource: net::ERR_FAILED @ https://templates.openlen.com/templates/selvage-8c0835b56e40.html:0
[   32446ms] [ERROR] Access to fetch at 'https://templates.openlen.com/templates/bower-e87ade87f3ae.html' from origin 'https://openlen.com' has been blocked by CORS policy: No 'Access-Control-Allow-Origin' header is present on the requested resource. @ https://openlen.com/api/templates:0
[   32446ms] [ERROR] Failed to load resource: net::ERR_FAILED @ https://templates.openlen.com/templates/bower-e87ade87f3ae.html:0
[   32462ms] [ERROR] Access to fetch at 'https://templates.openlen.com/templates/bio-holler-177df80436a8.html' from origin 'https://openlen.com' has been blocked by CORS policy: No 'Access-Control-Allow-Origin' header is present on the requested resource. @ https://openlen.com/api/templates:0
[   32462ms] [ERROR] Failed to load resource: net::ERR_FAILED @ https://templates.openlen.com/templates/bio-holler-177df80436a8.html:0
[   32462ms] [ERROR] Access to fetch at 'https://templates.openlen.com/templates/overland-4bf57422c05d.html' from origin 'https://openlen.com' has been blocked by CORS policy: No 'Access-Control-Allow-Origin' header is present on the requested resource. @ https://openlen.com/api/templates:0
[   32462ms] [ERROR] Failed to load resource: net::ERR_FAILED @ https://templates.openlen.com/templates/overland-4bf57422c05d.html:0
[   32477ms] [ERROR] Access to fetch at 'https://templates.openlen.com/templates/larder-8ca7a88dccea.html' from origin 'https://openlen.com' has been blocked by CORS policy: No 'Access-Control-Allow-Origin' header is present on the requested resource. @ https://openlen.com/api/templates:0
[   32477ms] [ERROR] Failed to load resource: net::ERR_FAILED @ https://templates.openlen.com/templates/larder-8ca7a88dccea.html:0
[   32488ms] [ERROR] Access to fetch at 'https://templates.openlen.com/templates/latitude-e05555dcbc0b.html' from origin 'https://openlen.com' has been blocked by CORS policy: No 'Access-Control-Allow-Origin' header is present on the requested resource. @ https://openlen.com/api/templates:0
[   32488ms] [ERROR] Failed to load resource: net::ERR_FAILED @ https://templates.openlen.com/templates/latitude-e05555dcbc0b.html:0
[   32493ms] [ERROR] Access to fetch at 'https://templates.openlen.com/templates/bio-ironscape-f08944d3f2c3.html' from origin 'https://openlen.com' has been blocked by CORS policy: No 'Access-Control-Allow-Origin' header is present on the requested resource. @ https://openlen.com/api/templates:0
[   32493ms] [ERROR] Failed to load resource: net::ERR_FAILED @ https://templates.openlen.com/templates/bio-ironscape-f08944d3f2c3.html:0
[   32513ms] [ERROR] Access to fetch at 'https://templates.openlen.com/templates/wayfare-745021d55187.html' from origin 'https://openlen.com' has been blocked by CORS policy: No 'Access-Control-Allow-Origin' header is present on the requested resource. @ https://openlen.com/api/templates:0
[   32513ms] [ERROR] Failed to load resource: net::ERR_FAILED @ https://templates.openlen.com/templates/wayfare-745021d55187.html:0
[   32531ms] [ERROR] Access to fetch at 'https://templates.openlen.com/templates/evermore-3d8487f2fee9.html' from origin 'https://openlen.com' has been blocked by CORS policy: No 'Access-Control-Allow-Origin' header is present on the requested resource. @ https://openlen.com/api/templates:0
[   32531ms] [ERROR] Failed to load resource: net::ERR_FAILED @ https://templates.openlen.com/templates/evermore-3d8487f2fee9.html:0
[   32540ms] [ERROR] Access to fetch at 'https://templates.openlen.com/templates/highball-ae6977ec9676.html' from origin 'https://openlen.com' has been blocked by CORS policy: No 'Access-Control-Allow-Origin' header is present on the requested resource. @ https://openlen.com/api/templates:0
[   32541ms] [ERROR] Failed to load resource: net::ERR_FAILED @ https://templates.openlen.com/templates/highball-ae6977ec9676.html:0
[   32546ms] [ERROR] Access to fetch at 'https://templates.openlen.com/templates/drape-1a167c7815ed.html' from origin 'https://openlen.com' has been blocked by CORS policy: No 'Access-Control-Allow-Origin' header is present on the requested resource. @ https://openlen.com/api/templates:0
[   32546ms] [ERROR] Failed to load resource: net::ERR_FAILED @ https://templates.openlen.com/templates/drape-1a167c7815ed.html:0
[   32546ms] [ERROR] Access to fetch at 'https://templates.openlen.com/templates/magnolia-2d3467330fb4.html' from origin 'https://openlen.com' has been blocked by CORS policy: No 'Access-Control-Allow-Origin' header is present on the requested resource. @ https://openlen.com/api/templates:0
[   32546ms] [ERROR] Failed to load resource: net::ERR_FAILED @ https://templates.openlen.com/templates/magnolia-2d3467330fb4.html:0
[   32547ms] [ERROR] Access to fetch at 'https://templates.openlen.com/templates/flax-5542ba39f5e4.html' from origin 'https://openlen.com' has been blocked by CORS policy: No 'Access-Control-Allow-Origin' header is present on the requested resource. @ https://openlen.com/api/templates:0
[   32547ms] [ERROR] Failed to load resource: net::ERR_FAILED @ https://templates.openlen.com/templates/flax-5542ba39f5e4.html:0
[   32552ms] [ERROR] Access to fetch at 'https://templates.openlen.com/templates/crumb-a0941069f71e.html' from origin 'https://openlen.com' has been blocked by CORS policy: No 'Access-Control-Allow-Origin' header is present on the requested resource. @ https://openlen.com/api/templates:0
[   32553ms] [ERROR] Failed to load resource: net::ERR_FAILED @ https://templates.openlen.com/templates/crumb-a0941069f71e.html:0
[   32634ms] [ERROR] Access to fetch at 'https://templates.openlen.com/templates/vow-4d99d2c0ad84.html' from origin 'https://openlen.com' has been blocked by CORS policy: No 'Access-Control-Allow-Origin' header is present on the requested resource. @ https://openlen.com/api/templates:0
[   32634ms] [ERROR] Failed to load resource: net::ERR_FAILED @ https://templates.openlen.com/templates/vow-4d99d2c0ad84.html:0
[   32638ms] [ERROR] Access to fetch at 'https://templates.openlen.com/templates/bio-oldworld-d03332bf2983.html' from origin 'https://openlen.com' has been blocked by CORS policy: No 'Access-Control-Allow-Origin' header is present on the requested resource. @ https://openlen.com/api/templates:0
[   32638ms] [ERROR] Failed to load resource: net::ERR_FAILED @ https://templates.openlen.com/templates/bio-oldworld-d03332bf2983.html:0
[   32752ms] [ERROR] Access to fetch at 'https://templates.openlen.com/templates/bio-marian-1104be5b45f3.html' from origin 'https://openlen.com' has been blocked by CORS policy: No 'Access-Control-Allow-Origin' header is present on the requested resource. @ https://openlen.com/api/templates:0
[   32752ms] [ERROR] Failed to load resource: net::ERR_FAILED @ https://templates.openlen.com/templates/bio-marian-1104be5b45f3.html:0
[   32756ms] [ERROR] Access to fetch at 'https://templates.openlen.com/templates/bio-nikolai-4af69cfeca7a.html' from origin 'https://openlen.com' has been blocked by CORS policy: No 'Access-Control-Allow-Origin' header is present on the requested resource. @ https://openlen.com/api/templates:0
[   32756ms] [ERROR] Failed to load resource: net::ERR_FAILED @ https://templates.openlen.com/templates/bio-nikolai-4af69cfeca7a.html:0
[   32756ms] [ERROR] Access to fetch at 'https://templates.openlen.com/templates/bio-jose-3949a112fc64.html' from origin 'https://openlen.com' has been blocked by CORS policy: No 'Access-Control-Allow-Origin' header is present on the requested resource. @ https://openlen.com/api/templates:0
[   32757ms] [ERROR] Failed to load resource: net::ERR_FAILED @ https://templates.openlen.com/templates/bio-jose-3949a112fc64.html:0
[   32758ms] [ERROR] Access to fetch at 'https://templates.openlen.com/templates/bio-tapediary-cbfc3ecfe85d.html' from origin 'https://openlen.com' has been blocked by CORS policy: No 'Access-Control-Allow-Origin' header is present on the requested resource. @ https://openlen.com/api/templates:0
[   32758ms] [ERROR] Failed to load resource: net::ERR_FAILED @ https://templates.openlen.com/templates/bio-tapediary-cbfc3ecfe85d.html:0
[   32760ms] [ERROR] Access to fetch at 'https://templates.openlen.com/templates/bio-antonkvass-7627c56ef68a.html' from origin 'https://openlen.com' has been blocked by CORS policy: No 'Access-Control-Allow-Origin' header is present on the requested resource. @ https://openlen.com/api/templates:0
[   32760ms] [ERROR] Failed to load resource: net::ERR_FAILED @ https://templates.openlen.com/templates/bio-antonkvass-7627c56ef68a.html:0
[   32760ms] [ERROR] Access to fetch at 'https://templates.openlen.com/templates/lume-5c1cda438480.html' from origin 'https://openlen.com' has been blocked by CORS policy: No 'Access-Control-Allow-Origin' header is present on the requested resource. @ https://openlen.com/api/templates:0
[   32760ms] [ERROR] Failed to load resource: net::ERR_FAILED @ https://templates.openlen.com/templates/lume-5c1cda438480.html:0
[   32762ms] [ERROR] Access to fetch at 'https://templates.openlen.com/templates/bio-kit-f2f18252f95a.html' from origin 'https://openlen.com' has been blocked by CORS policy: No 'Access-Control-Allow-Origin' header is present on the requested resource. @ https://openlen.com/api/templates:0
[   32762ms] [ERROR] Failed to load resource: net::ERR_FAILED @ https://templates.openlen.com/templates/bio-kit-f2f18252f95a.html:0
[   32763ms] [ERROR] Access to fetch at 'https://templates.openlen.com/templates/bio-marie-a7373699c165.html' from origin 'https://openlen.com' has been blocked by CORS policy: No 'Access-Control-Allow-Origin' header is present on the requested resource. @ https://openlen.com/api/templates:0
[   32763ms] [ERROR] Failed to load resource: net::ERR_FAILED @ https://templates.openlen.com/templates/bio-marie-a7373699c165.html:0
[   32766ms] [ERROR] Access to fetch at 'https://templates.openlen.com/templates/bio-dion-04a131bf3975.html' from origin 'https://openlen.com' has been blocked by CORS policy: No 'Access-Control-Allow-Origin' header is present on the requested resource. @ https://openlen.com/api/templates:0
[   32766ms] [ERROR] Failed to load resource: net::ERR_FAILED @ https://templates.openlen.com/templates/bio-dion-04a131bf3975.html:0
[   32768ms] [ERROR] Access to fetch at 'https://templates.openlen.com/templates/bio-matterhorn-cd2ea72cbc28.html' from origin 'https://openlen.com' has been blocked by CORS policy: No 'Access-Control-Allow-Origin' header is present on the requested resource. @ https://openlen.com/api/templates:0
[   32768ms] [ERROR] Failed to load resource: net::ERR_FAILED @ https://templates.openlen.com/templates/bio-matterhorn-cd2ea72cbc28.html:0
[   32768ms] [ERROR] Access to fetch at 'https://templates.openlen.com/templates/kiri-5ddd3a03cace.html' from origin 'https://openlen.com' has been blocked by CORS policy: No 'Access-Control-Allow-Origin' header is present on the requested resource. @ https://openlen.com/api/templates:0
[   32768ms] [ERROR] Failed to load resource: net::ERR_FAILED @ https://templates.openlen.com/templates/kiri-5ddd3a03cace.html:0
[   32798ms] [ERROR] Access to fetch at 'https://templates.openlen.com/templates/bio-yuki-44766960f11a.html' from origin 'https://openlen.com' has been blocked by CORS policy: No 'Access-Control-Allow-Origin' header is present on the requested resource. @ https://openlen.com/api/templates:0
[   32799ms] [ERROR] Failed to load resource: net::ERR_FAILED @ https://templates.openlen.com/templates/bio-yuki-44766960f11a.html:0
[   32806ms] [ERROR] Access to fetch at 'https://templates.openlen.com/templates/mundial-26-245acec1d34b.html' from origin 'https://openlen.com' has been blocked by CORS policy: No 'Access-Control-Allow-Origin' header is present on the requested resource. @ https://openlen.com/api/templates:0
[   32806ms] [ERROR] Failed to load resource: net::ERR_FAILED @ https://templates.openlen.com/templates/mundial-26-245acec1d34b.html:0
[   32807ms] [ERROR] Access to fetch at 'https://templates.openlen.com/templates/bio-noorlev-3347a1a65f73.html' from origin 'https://openlen.com' has been blocked by CORS policy: No 'Access-Control-Allow-Origin' header is present on the requested resource. @ https://openlen.com/api/templates:0
[   32807ms] [ERROR] Failed to load resource: net::ERR_FAILED @ https://templates.openlen.com/templates/bio-noorlev-3347a1a65f73.html:0
[   32809ms] [ERROR] Access to fetch at 'https://templates.openlen.com/templates/bio-theowren-3a2a152ef11f.html' from origin 'https://openlen.com' has been blocked by CORS policy: No 'Access-Control-Allow-Origin' header is present on the requested resource. @ https://openlen.com/api/templates:0
[   32809ms] [ERROR] Failed to load resource: net::ERR_FAILED @ https://templates.openlen.com/templates/bio-theowren-3a2a152ef11f.html:0
[   32825ms] [ERROR] Access to fetch at 'https://templates.openlen.com/templates/bio-clara-12f079ab2936.html' from origin 'https://openlen.com' has been blocked by CORS policy: No 'Access-Control-Allow-Origin' header is present on the requested resource. @ https://openlen.com/api/templates:0
[   32825ms] [ERROR] Failed to load resource: net::ERR_FAILED @ https://templates.openlen.com/templates/bio-clara-12f079ab2936.html:0
[   32845ms] [ERROR] Access to fetch at 'https://templates.openlen.com/templates/bio-aria-56bc61076400.html' from origin 'https://openlen.com' has been blocked by CORS policy: No 'Access-Control-Allow-Origin' header is present on the requested resource. @ https://openlen.com/api/templates:0
[   32845ms] [ERROR] Failed to load resource: net::ERR_FAILED @ https://templates.openlen.com/templates/bio-aria-56bc61076400.html:0
[   32845ms] [ERROR] Access to fetch at 'https://templates.openlen.com/templates/bio-kidmireille-4b899ca50c85.html' from origin 'https://openlen.com' has been blocked by CORS policy: No 'Access-Control-Allow-Origin' header is present on the requested resource. @ https://openlen.com/api/templates:0
[   32845ms] [ERROR] Failed to load resource: net::ERR_FAILED @ https://templates.openlen.com/templates/bio-kidmireille-4b899ca50c85.html:0
[   32846ms] [ERROR] Access to fetch at 'https://templates.openlen.com/templates/bio-levk-7c8295dd9a36.html' from origin 'https://openlen.com' has been blocked by CORS policy: No 'Access-Control-Allow-Origin' header is present on the requested resource. @ https://openlen.com/api/templates:0
[   32846ms] [ERROR] Failed to load resource: net::ERR_FAILED @ https://templates.openlen.com/templates/bio-levk-7c8295dd9a36.html:0
[   32872ms] [ERROR] Access to fetch at 'https://templates.openlen.com/templates/bio-maren-4535380fdfed.html' from origin 'https://openlen.com' has been blocked by CORS policy: No 'Access-Control-Allow-Origin' header is present on the requested resource. @ https://openlen.com/api/templates:0
[   32872ms] [ERROR] Failed to load resource: net::ERR_FAILED @ https://templates.openlen.com/templates/bio-maren-4535380fdfed.html:0
[   32875ms] [ERROR] Access to fetch at 'https://templates.openlen.com/templates/bio-lumen-f3dc740b4658.html' from origin 'https://openlen.com' has been blocked by CORS policy: No 'Access-Control-Allow-Origin' header is present on the requested resource. @ https://openlen.com/api/templates:0
[   32875ms] [ERROR] Failed to load resource: net::ERR_FAILED @ https://templates.openlen.com/templates/bio-lumen-f3dc740b4658.html:0
[   32890ms] [ERROR] Access to fetch at 'https://templates.openlen.com/templates/bio-lanternhollow-3d7821edba3d.html' from origin 'https://openlen.com' has been blocked by CORS policy: No 'Access-Control-Allow-Origin' header is present on the requested resource. @ https://openlen.com/api/templates:0
[   32890ms] [ERROR] Failed to load resource: net::ERR_FAILED @ https://templates.openlen.com/templates/bio-lanternhollow-3d7821edba3d.html:0
[   32895ms] [ERROR] Access to fetch at 'https://templates.openlen.com/templates/bio-avery-2634c1a82b61.html' from origin 'https://openlen.com' has been blocked by CORS policy: No 'Access-Control-Allow-Origin' header is present on the requested resource. @ https://openlen.com/api/templates:0
[   32895ms] [ERROR] Failed to load resource: net::ERR_FAILED @ https://templates.openlen.com/templates/bio-avery-2634c1a82b61.html:0
[   32928ms] [ERROR] Access to fetch at 'https://templates.openlen.com/templates/bio-priyarose-ebc32a765e64.html' from origin 'https://openlen.com' has been blocked by CORS policy: No 'Access-Control-Allow-Origin' header is present on the requested resource. @ https://openlen.com/api/templates:0
[   32928ms] [ERROR] Failed to load resource: net::ERR_FAILED @ https://templates.openlen.com/templates/bio-priyarose-ebc32a765e64.html:0
[   33067ms] [ERROR] Access to fetch at 'https://templates.openlen.com/templates/mantel-pilates-f988f861bb2a.html' from origin 'https://openlen.com' has been blocked by CORS policy: No 'Access-Control-Allow-Origin' header is present on the requested resource. @ https://openlen.com/api/templates:0
[   33067ms] [ERROR] Failed to load resource: net::ERR_FAILED @ https://templates.openlen.com/templates/mantel-pilates-f988f861bb2a.html:0
[   33093ms] [ERROR] Access to fetch at 'https://templates.openlen.com/templates/vellum-notebook-275c4cdc0048.html' from origin 'https://openlen.com' has been blocked by CORS policy: No 'Access-Control-Allow-Origin' header is present on the requested resource. @ https://openlen.com/api/templates:0
[   33093ms] [ERROR] Failed to load resource: net::ERR_FAILED @ https://templates.openlen.com/templates/vellum-notebook-275c4cdc0048.html:0
[   33095ms] [ERROR] Access to fetch at 'https://templates.openlen.com/templates/cometeer-d2df81c806d9.html' from origin 'https://openlen.com' has been blocked by CORS policy: No 'Access-Control-Allow-Origin' header is present on the requested resource. @ https://openlen.com/api/templates:0
[   33095ms] [ERROR] Failed to load resource: net::ERR_FAILED @ https://templates.openlen.com/templates/cometeer-d2df81c806d9.html:0
[   33104ms] [ERROR] Access to fetch at 'https://templates.openlen.com/templates/marcato-bee4d502d854.html' from origin 'https://openlen.com' has been blocked by CORS policy: No 'Access-Control-Allow-Origin' header is present on the requested resource. @ https://openlen.com/api/templates:0
[   33104ms] [ERROR] Failed to load resource: net::ERR_FAILED @ https://templates.openlen.com/templates/marcato-bee4d502d854.html:0
[   33109ms] [ERROR] Access to fetch at 'https://templates.openlen.com/templates/floodgate-c488c60886a0.html' from origin 'https://openlen.com' has been blocked by CORS policy: No 'Access-Control-Allow-Origin' header is present on the requested resource. @ https://openlen.com/api/templates:0
[   33109ms] [ERROR] Failed to load resource: net::ERR_FAILED @ https://templates.openlen.com/templates/floodgate-c488c60886a0.html:0
[   33113ms] [ERROR] Access to fetch at 'https://templates.openlen.com/templates/doorway-5c079025eff3.html' from origin 'https://openlen.com' has been blocked by CORS policy: No 'Access-Control-Allow-Origin' header is present on the requested resource. @ https://openlen.com/api/templates:0
[   33113ms] [ERROR] Failed to load resource: net::ERR_FAILED @ https://templates.openlen.com/templates/doorway-5c079025eff3.html:0
[   33114ms] [ERROR] Access to fetch at 'https://templates.openlen.com/templates/threshold-86bfd8a76761.html' from origin 'https://openlen.com' has been blocked by CORS policy: No 'Access-Control-Allow-Origin' header is present on the requested resource. @ https://openlen.com/api/templates:0
[   33114ms] [ERROR] Failed to load resource: net::ERR_FAILED @ https://templates.openlen.com/templates/threshold-86bfd8a76761.html:0
[   33115ms] [ERROR] Access to fetch at 'https://templates.openlen.com/templates/reid-advisory-e443bdcc8e68.html' from origin 'https://openlen.com' has been blocked by CORS policy: No 'Access-Control-Allow-Origin' header is present on the requested resource. @ https://openlen.com/api/templates:0
[   33115ms] [ERROR] Failed to load resource: net::ERR_FAILED @ https://templates.openlen.com/templates/reid-advisory-e443bdcc8e68.html:0
[   33117ms] [ERROR] Access to fetch at 'https://templates.openlen.com/templates/solva-retinol-93ab1ce4af86.html' from origin 'https://openlen.com' has been blocked by CORS policy: No 'Access-Control-Allow-Origin' header is present on the requested resource. @ https://openlen.com/api/templates:0
[   33117ms] [ERROR] Failed to load resource: net::ERR_FAILED @ https://templates.openlen.com/templates/solva-retinol-93ab1ce4af86.html:0
[   33120ms] [ERROR] Access to fetch at 'https://templates.openlen.com/templates/anchor-and-vine-5603974aa03d.html' from origin 'https://openlen.com' has been blocked by CORS policy: No 'Access-Control-Allow-Origin' header is present on the requested resource. @ https://openlen.com/api/templates:0
[   33120ms] [ERROR] Failed to load resource: net::ERR_FAILED @ https://templates.openlen.com/templates/anchor-and-vine-5603974aa03d.html:0
[   33121ms] [ERROR] Access to fetch at 'https://templates.openlen.com/templates/tendril-1e715bab293d.html' from origin 'https://openlen.com' has been blocked by CORS policy: No 'Access-Control-Allow-Origin' header is present on the requested resource. @ https://openlen.com/api/templates:0
[   33121ms] [ERROR] Failed to load resource: net::ERR_FAILED @ https://templates.openlen.com/templates/tendril-1e715bab293d.html:0
[   33127ms] [ERROR] Access to fetch at 'https://templates.openlen.com/templates/halcyon-lodge-88f6d259ec35.html' from origin 'https://openlen.com' has been blocked by CORS policy: No 'Access-Control-Allow-Origin' header is present on the requested resource. @ https://openlen.com/api/templates:0
[   33127ms] [ERROR] Failed to load resource: net::ERR_FAILED @ https://templates.openlen.com/templates/halcyon-lodge-88f6d259ec35.html:0
[   33136ms] [ERROR] Access to fetch at 'https://templates.openlen.com/templates/beacon-9ff5c4322529.html' from origin 'https://openlen.com' has been blocked by CORS policy: No 'Access-Control-Allow-Origin' header is present on the requested resource. @ https://openlen.com/api/templates:0
[   33136ms] [ERROR] Failed to load resource: net::ERR_FAILED @ https://templates.openlen.com/templates/beacon-9ff5c4322529.html:0
[   33136ms] [ERROR] Access to fetch at 'https://templates.openlen.com/templates/tide-coffee-cf601f89e868.html' from origin 'https://openlen.com' has been blocked by CORS policy: No 'Access-Control-Allow-Origin' header is present on the requested resource. @ https://openlen.com/api/templates:0
[   33137ms] [ERROR] Failed to load resource: net::ERR_FAILED @ https://templates.openlen.com/templates/tide-coffee-cf601f89e868.html:0
[   33141ms] [ERROR] Access to fetch at 'https://templates.openlen.com/templates/compass-climate-7c6656a3763d.html' from origin 'https://openlen.com' has been blocked by CORS policy: No 'Access-Control-Allow-Origin' header is present on the requested resource. @ https://openlen.com/api/templates:0
[   33141ms] [ERROR] Failed to load resource: net::ERR_FAILED @ https://templates.openlen.com/templates/compass-climate-7c6656a3763d.html:0
[   33144ms] [ERROR] Access to fetch at 'https://templates.openlen.com/templates/northbrook-dental-07715169d93b.html' from origin 'https://openlen.com' has been blocked by CORS policy: No 'Access-Control-Allow-Origin' header is present on the requested resource. @ https://openlen.com/api/templates:0
[   33144ms] [ERROR] Failed to load resource: net::ERR_FAILED @ https://templates.openlen.com/templates/northbrook-dental-07715169d93b.html:0
[   33146ms] [ERROR] Access to fetch at 'https://templates.openlen.com/templates/sojourn-8e6c480d9af0.html' from origin 'https://openlen.com' has been blocked by CORS policy: No 'Access-Control-Allow-Origin' header is present on the requested resource. @ https://openlen.com/api/templates:0
[   33146ms] [ERROR] Failed to load resource: net::ERR_FAILED @ https://templates.openlen.com/templates/sojourn-8e6c480d9af0.html:0
[   33149ms] [ERROR] Access to fetch at 'https://templates.openlen.com/templates/pebble-walkers-4102b90135e8.html' from origin 'https://openlen.com' has been blocked by CORS policy: No 'Access-Control-Allow-Origin' header is present on the requested resource. @ https://openlen.com/api/templates:0
[   33149ms] [ERROR] Failed to load resource: net::ERR_FAILED @ https://templates.openlen.com/templates/pebble-walkers-4102b90135e8.html:0
[   33154ms] [ERROR] Access to fetch at 'https://templates.openlen.com/templates/atrium-loft-7c21f786809c.html' from origin 'https://openlen.com' has been blocked by CORS policy: No 'Access-Control-Allow-Origin' header is present on the requested resource. @ https://openlen.com/api/templates:0
[   33154ms] [ERROR] Failed to load resource: net::ERR_FAILED @ https://templates.openlen.com/templates/atrium-loft-7c21f786809c.html:0
[   33172ms] [ERROR] Access to fetch at 'https://templates.openlen.com/templates/fade-and-co-21ec9d44378c.html' from origin 'https://openlen.com' has been blocked by CORS policy: No 'Access-Control-Allow-Origin' header is present on the requested resource. @ https://openlen.com/api/templates:0
[   33172ms] [ERROR] Failed to load resource: net::ERR_FAILED @ https://templates.openlen.com/templates/fade-and-co-21ec9d44378c.html:0
[   33197ms] [ERROR] Access to fetch at 'https://templates.openlen.com/templates/berkshire-bakery-4cc2af32c901.html' from origin 'https://openlen.com' has been blocked by CORS policy: No 'Access-Control-Allow-Origin' header is present on the requested resource. @ https://openlen.com/api/templates:0
[   33197ms] [ERROR] Failed to load resource: net::ERR_FAILED @ https://templates.openlen.com/templates/berkshire-bakery-4cc2af32c901.html:0
[   33238ms] [ERROR] Access to fetch at 'https://templates.openlen.com/templates/plotline-791a3126e152.html' from origin 'https://openlen.com' has been blocked by CORS policy: No 'Access-Control-Allow-Origin' header is present on the requested resource. @ https://openlen.com/api/templates:0
[   33238ms] [ERROR] Failed to load resource: net::ERR_FAILED @ https://templates.openlen.com/templates/plotline-791a3126e152.html:0
[   33240ms] [ERROR] Access to fetch at 'https://templates.openlen.com/templates/strand-d1267b94227a.html' from origin 'https://openlen.com' has been blocked by CORS policy: No 'Access-Control-Allow-Origin' header is present on the requested resource. @ https://openlen.com/api/templates:0
[   33240ms] [ERROR] Failed to load resource: net::ERR_FAILED @ https://templates.openlen.com/templates/strand-d1267b94227a.html:0
[   33415ms] [ERROR] Access to fetch at 'https://templates.openlen.com/templates/tideline-f104c543efe3.html' from origin 'https://openlen.com' has been blocked by CORS policy: No 'Access-Control-Allow-Origin' header is present on the requested resource. @ https://openlen.com/api/templates:0
[   33415ms] [ERROR] Failed to load resource: net::ERR_FAILED @ https://templates.openlen.com/templates/tideline-f104c543efe3.html:0
[   33573ms] [ERROR] Access to fetch at 'https://templates.openlen.com/templates/ecommerce-cream-1fb2465b37d0.html' from origin 'https://openlen.com' has been blocked by CORS policy: No 'Access-Control-Allow-Origin' header is present on the requested resource. @ https://openlen.com/api/templates:0
[   33573ms] [ERROR] Failed to load resource: net::ERR_FAILED @ https://templates.openlen.com/templates/ecommerce-cream-1fb2465b37d0.html:0
[   33579ms] [ERROR] Access to fetch at 'https://templates.openlen.com/templates/mobileapp-light-cfb7d384d68d.html' from origin 'https://openlen.com' has been blocked by CORS policy: No 'Access-Control-Allow-Origin' header is present on the requested resource. @ https://openlen.com/api/templates:0
[   33580ms] [ERROR] Failed to load resource: net::ERR_FAILED @ https://templates.openlen.com/templates/mobileapp-light-cfb7d384d68d.html:0
[   33582ms] [ERROR] Access to fetch at 'https://templates.openlen.com/templates/baseline-strength-3856a16dc5ca.html' from origin 'https://openlen.com' has been blocked by CORS policy: No 'Access-Control-Allow-Origin' header is present on the requested resource. @ https://openlen.com/api/templates:0
[   33582ms] [ERROR] Failed to load resource: net::ERR_FAILED @ https://templates.openlen.com/templates/baseline-strength-3856a16dc5ca.html:0
[   33587ms] [ERROR] Access to fetch at 'https://templates.openlen.com/templates/saas-cream-b2b1ccdf5a91.html' from origin 'https://openlen.com' has been blocked by CORS policy: No 'Access-Control-Allow-Origin' header is present on the requested resource. @ https://openlen.com/api/templates:0
[   33587ms] [ERROR] Failed to load resource: net::ERR_FAILED @ https://templates.openlen.com/templates/saas-cream-b2b1ccdf5a91.html:0
[   33588ms] [ERROR] Access to fetch at 'https://templates.openlen.com/templates/agency-light-5edb04854df5.html' from origin 'https://openlen.com' has been blocked by CORS policy: No 'Access-Control-Allow-Origin' header is present on the requested resource. @ https://openlen.com/api/templates:0
[   33588ms] [ERROR] Failed to load resource: net::ERR_FAILED @ https://templates.openlen.com/templates/agency-light-5edb04854df5.html:0
[   33593ms] [ERROR] Access to fetch at 'https://templates.openlen.com/templates/aiml-light-0404b14fbb38.html' from origin 'https://openlen.com' has been blocked by CORS policy: No 'Access-Control-Allow-Origin' header is present on the requested resource. @ https://openlen.com/api/templates:0
[   33593ms] [ERROR] Failed to load resource: net::ERR_FAILED @ https://templates.openlen.com/templates/aiml-light-0404b14fbb38.html:0
[   33594ms] [ERROR] Access to fetch at 'https://templates.openlen.com/templates/bramble-and-paw-97a7afe7f540.html' from origin 'https://openlen.com' has been blocked by CORS policy: No 'Access-Control-Allow-Origin' header is present on the requested resource. @ https://openlen.com/api/templates:0
[   33594ms] [ERROR] Failed to load resource: net::ERR_FAILED @ https://templates.openlen.com/templates/bramble-and-paw-97a7afe7f540.html:0
[   33598ms] [ERROR] Access to fetch at 'https://templates.openlen.com/templates/ecommerce-light-b53c4574cbd3.html' from origin 'https://openlen.com' has been blocked by CORS policy: No 'Access-Control-Allow-Origin' header is present on the requested resource. @ https://openlen.com/api/templates:0
[   33598ms] [ERROR] Failed to load resource: net::ERR_FAILED @ https://templates.openlen.com/templates/ecommerce-light-b53c4574cbd3.html:0
[   33602ms] [ERROR] Access to fetch at 'https://templates.openlen.com/templates/ecommerce-dark-4fa81739c5b4.html' from origin 'https://openlen.com' has been blocked by CORS policy: No 'Access-Control-Allow-Origin' header is present on the requested resource. @ https://openlen.com/api/templates:0
[   33602ms] [ERROR] Failed to load resource: net::ERR_FAILED @ https://templates.openlen.com/templates/ecommerce-dark-4fa81739c5b4.html:0
[   33616ms] [ERROR] Access to fetch at 'https://templates.openlen.com/templates/fintech-light-8c84f5a4830c.html' from origin 'https://openlen.com' has been blocked by CORS policy: No 'Access-Control-Allow-Origin' header is present on the requested resource. @ https://openlen.com/api/templates:0
[   33616ms] [ERROR] Failed to load resource: net::ERR_FAILED @ https://templates.openlen.com/templates/fintech-light-8c84f5a4830c.html:0
[   33618ms] [ERROR] Access to fetch at 'https://templates.openlen.com/templates/lumen-aesthetics-ebaf919a8300.html' from origin 'https://openlen.com' has been blocked by CORS policy: No 'Access-Control-Allow-Origin' header is present on the requested resource. @ https://openlen.com/api/templates:0
[   33618ms] [ERROR] Failed to load resource: net::ERR_FAILED @ https://templates.openlen.com/templates/lumen-aesthetics-ebaf919a8300.html:0
[   33624ms] [ERROR] Access to fetch at 'https://templates.openlen.com/templates/the-ledger-ef87cceac31b.html' from origin 'https://openlen.com' has been blocked by CORS policy: No 'Access-Control-Allow-Origin' header is present on the requested resource. @ https://openlen.com/api/templates:0
[   33624ms] [ERROR] Failed to load resource: net::ERR_FAILED @ https://templates.openlen.com/templates/the-ledger-ef87cceac31b.html:0
[   33625ms] [ERROR] Access to fetch at 'https://templates.openlen.com/templates/portfolio-cream-7e491f44bb95.html' from origin 'https://openlen.com' has been blocked by CORS policy: No 'Access-Control-Allow-Origin' header is present on the requested resource. @ https://openlen.com/api/templates:0
[   33626ms] [ERROR] Failed to load resource: net::ERR_FAILED @ https://templates.openlen.com/templates/portfolio-cream-7e491f44bb95.html:0
[   33637ms] [ERROR] Access to fetch at 'https://templates.openlen.com/templates/signal-theory-73e3ec9ecbd9.html' from origin 'https://openlen.com' has been blocked by CORS policy: No 'Access-Control-Allow-Origin' header is present on the requested resource. @ https://openlen.com/api/templates:0
[   33637ms] [ERROR] Failed to load resource: net::ERR_FAILED @ https://templates.openlen.com/templates/signal-theory-73e3ec9ecbd9.html:0
[   33640ms] [ERROR] Access to fetch at 'https://templates.openlen.com/templates/aiml-cream-4eb9188e3c1a.html' from origin 'https://openlen.com' has been blocked by CORS policy: No 'Access-Control-Allow-Origin' header is present on the requested resource. @ https://openlen.com/api/templates:0
[   33640ms] [ERROR] Failed to load resource: net::ERR_FAILED @ https://templates.openlen.com/templates/aiml-cream-4eb9188e3c1a.html:0
[   33647ms] [ERROR] Access to fetch at 'https://templates.openlen.com/templates/workbench-log-52fcc9ffcc2e.html' from origin 'https://openlen.com' has been blocked by CORS policy: No 'Access-Control-Allow-Origin' header is present on the requested resource. @ https://openlen.com/api/templates:0
[   33647ms] [ERROR] Failed to load resource: net::ERR_FAILED @ https://templates.openlen.com/templates/workbench-log-52fcc9ffcc2e.html:0
[   33648ms] [ERROR] Access to fetch at 'https://templates.openlen.com/templates/mise-letter-a01430d11180.html' from origin 'https://openlen.com' has been blocked by CORS policy: No 'Access-Control-Allow-Origin' header is present on the requested resource. @ https://openlen.com/api/templates:0
[   33648ms] [ERROR] Failed to load resource: net::ERR_FAILED @ https://templates.openlen.com/templates/mise-letter-a01430d11180.html:0
[   33652ms] [ERROR] Access to fetch at 'https://templates.openlen.com/templates/saas-dark-2a69a7c8f9da.html' from origin 'https://openlen.com' has been blocked by CORS policy: No 'Access-Control-Allow-Origin' header is present on the requested resource. @ https://openlen.com/api/templates:0
[   33652ms] [ERROR] Failed to load resource: net::ERR_FAILED @ https://templates.openlen.com/templates/saas-dark-2a69a7c8f9da.html:0
[   33657ms] [ERROR] Access to fetch at 'https://templates.openlen.com/templates/off-grid-type-feeed771e32e.html' from origin 'https://openlen.com' has been blocked by CORS policy: No 'Access-Control-Allow-Origin' header is present on the requested resource. @ https://openlen.com/api/templates:0
[   33657ms] [ERROR] Failed to load resource: net::ERR_FAILED @ https://templates.openlen.com/templates/off-grid-type-feeed771e32e.html:0
[   33662ms] [ERROR] Access to fetch at 'https://templates.openlen.com/templates/agency-dark-ea1aace3eb32.html' from origin 'https://openlen.com' has been blocked by CORS policy: No 'Access-Control-Allow-Origin' header is present on the requested resource. @ https://openlen.com/api/templates:0
[   33662ms] [ERROR] Failed to load resource: net::ERR_FAILED @ https://templates.openlen.com/templates/agency-dark-ea1aace3eb32.html:0
[   33669ms] [ERROR] Access to fetch at 'https://templates.openlen.com/templates/saas-light-1ac3ef0f47d5.html' from origin 'https://openlen.com' has been blocked by CORS policy: No 'Access-Control-Allow-Origin' header is present on the requested resource. @ https://openlen.com/api/templates:0
[   33669ms] [ERROR] Failed to load resource: net::ERR_FAILED @ https://templates.openlen.com/templates/saas-light-1ac3ef0f47d5.html:0
[   33677ms] [ERROR] Access to fetch at 'https://templates.openlen.com/templates/fintech-dark-193ceea46ec1.html' from origin 'https://openlen.com' has been blocked by CORS policy: No 'Access-Control-Allow-Origin' header is present on the requested resource. @ https://openlen.com/api/templates:0
[   33677ms] [ERROR] Failed to load resource: net::ERR_FAILED @ https://templates.openlen.com/templates/fintech-dark-193ceea46ec1.html:0
[   33722ms] [ERROR] Access to fetch at 'https://templates.openlen.com/templates/fintech-cream-7fb1517395cf.html' from origin 'https://openlen.com' has been blocked by CORS policy: No 'Access-Control-Allow-Origin' header is present on the requested resource. @ https://openlen.com/api/templates:0
[   33722ms] [ERROR] Failed to load resource: net::ERR_FAILED @ https://templates.openlen.com/templates/fintech-cream-7fb1517395cf.html:0
[   33891ms] [ERROR] Access to fetch at 'https://templates.openlen.com/templates/realestate-light-f21b306efbac.html' from origin 'https://openlen.com' has been blocked by CORS policy: No 'Access-Control-Allow-Origin' header is present on the requested resource. @ https://openlen.com/api/templates:0
[   33891ms] [ERROR] Failed to load resource: net::ERR_FAILED @ https://templates.openlen.com/templates/realestate-light-f21b306efbac.html:0
[   34026ms] [ERROR] Access to fetch at 'https://templates.openlen.com/templates/driftwood-ad34ed933833.html' from origin 'https://openlen.com' has been blocked by CORS policy: No 'Access-Control-Allow-Origin' header is present on the requested resource. @ https://openlen.com/api/templates:0
[   34026ms] [ERROR] Failed to load resource: net::ERR_FAILED @ https://templates.openlen.com/templates/driftwood-ad34ed933833.html:0
[   34047ms] [ERROR] Access to fetch at 'https://templates.openlen.com/templates/las-encinas-541f08dd00e9.html' from origin 'https://openlen.com' has been blocked by CORS policy: No 'Access-Control-Allow-Origin' header is present on the requested resource. @ https://openlen.com/api/templates:0
[   34047ms] [ERROR] Failed to load resource: net::ERR_FAILED @ https://templates.openlen.com/templates/las-encinas-541f08dd00e9.html:0
[   34047ms] [ERROR] Access to fetch at 'https://templates.openlen.com/templates/lumbre-26cfaed5db87.html' from origin 'https://openlen.com' has been blocked by CORS policy: No 'Access-Control-Allow-Origin' header is present on the requested resource. @ https://openlen.com/api/templates:0
[   34047ms] [ERROR] Failed to load resource: net::ERR_FAILED @ https://templates.openlen.com/templates/lumbre-26cfaed5db87.html:0
[   34072ms] [ERROR] Access to fetch at 'https://templates.openlen.com/templates/cafe-tramonto-889f70a3059b.html' from origin 'https://openlen.com' has been blocked by CORS policy: No 'Access-Control-Allow-Origin' header is present on the requested resource. @ https://openlen.com/api/templates:0
[   34072ms] [ERROR] Failed to load resource: net::ERR_FAILED @ https://templates.openlen.com/templates/cafe-tramonto-889f70a3059b.html:0
[   34073ms] [ERROR] Access to fetch at 'https://templates.openlen.com/templates/nocturne-fb93028abbec.html' from origin 'https://openlen.com' has been blocked by CORS policy: No 'Access-Control-Allow-Origin' header is present on the requested resource. @ https://openlen.com/api/templates:0
[   34073ms] [ERROR] Failed to load resource: net::ERR_FAILED @ https://templates.openlen.com/templates/nocturne-fb93028abbec.html:0
[   34073ms] [ERROR] Access to fetch at 'https://templates.openlen.com/templates/el-refugio-7008daa1c272.html' from origin 'https://openlen.com' has been blocked by CORS policy: No 'Access-Control-Allow-Origin' header is present on the requested resource. @ https://openlen.com/api/templates:0
[   34073ms] [ERROR] Failed to load resource: net::ERR_FAILED @ https://templates.openlen.com/templates/el-refugio-7008daa1c272.html:0
[   34073ms] [ERROR] Access to fetch at 'https://templates.openlen.com/templates/portfolio-dark-321fb102db0e.html' from origin 'https://openlen.com' has been blocked by CORS policy: No 'Access-Control-Allow-Origin' header is present on the requested resource. @ https://openlen.com/api/templates:0
[   34073ms] [ERROR] Failed to load resource: net::ERR_FAILED @ https://templates.openlen.com/templates/portfolio-dark-321fb102db0e.html:0
[   34073ms] [ERROR] Access to fetch at 'https://templates.openlen.com/templates/atelier-fashion-af3af980253b.html' from origin 'https://openlen.com' has been blocked by CORS policy: No 'Access-Control-Allow-Origin' header is present on the requested resource. @ https://openlen.com/api/templates:0
[   34073ms] [ERROR] Failed to load resource: net::ERR_FAILED @ https://templates.openlen.com/templates/atelier-fashion-af3af980253b.html:0
[   34074ms] [ERROR] Access to fetch at 'https://templates.openlen.com/templates/marea-e63b13633eec.html' from origin 'https://openlen.com' has been blocked by CORS policy: No 'Access-Control-Allow-Origin' header is present on the requested resource. @ https://openlen.com/api/templates:0
[   34074ms] [ERROR] Failed to load resource: net::ERR_FAILED @ https://templates.openlen.com/templates/marea-e63b13633eec.html:0
[   34075ms] [ERROR] Access to fetch at 'https://templates.openlen.com/templates/vela-6bd69dbecf14.html' from origin 'https://openlen.com' has been blocked by CORS policy: No 'Access-Control-Allow-Origin' header is present on the requested resource. @ https://openlen.com/api/templates:0
[   34075ms] [ERROR] Failed to load resource: net::ERR_FAILED @ https://templates.openlen.com/templates/vela-6bd69dbecf14.html:0
[   34077ms] [ERROR] Access to fetch at 'https://templates.openlen.com/templates/folio-08e70c5ea893.html' from origin 'https://openlen.com' has been blocked by CORS policy: No 'Access-Control-Allow-Origin' header is present on the requested resource. @ https://openlen.com/api/templates:0
[   34077ms] [ERROR] Failed to load resource: net::ERR_FAILED @ https://templates.openlen.com/templates/folio-08e70c5ea893.html:0
[   34081ms] [ERROR] Access to fetch at 'https://templates.openlen.com/templates/mobileapp-dark-f8d6b3f99360.html' from origin 'https://openlen.com' has been blocked by CORS policy: No 'Access-Control-Allow-Origin' header is present on the requested resource. @ https://openlen.com/api/templates:0
[   34081ms] [ERROR] Failed to load resource: net::ERR_FAILED @ https://templates.openlen.com/templates/mobileapp-dark-f8d6b3f99360.html:0
[   34088ms] [ERROR] Access to fetch at 'https://templates.openlen.com/templates/hornada-9dab4fbd9b9e.html' from origin 'https://openlen.com' has been blocked by CORS policy: No 'Access-Control-Allow-Origin' header is present on the requested resource. @ https://openlen.com/api/templates:0
[   34088ms] [ERROR] Failed to load resource: net::ERR_FAILED @ https://templates.openlen.com/templates/hornada-9dab4fbd9b9e.html:0
[   34091ms] [ERROR] Access to fetch at 'https://templates.openlen.com/templates/casa-marea-33d992790f1b.html' from origin 'https://openlen.com' has been blocked by CORS policy: No 'Access-Control-Allow-Origin' header is present on the requested resource. @ https://openlen.com/api/templates:0
[   34091ms] [ERROR] Failed to load resource: net::ERR_FAILED @ https://templates.openlen.com/templates/casa-marea-33d992790f1b.html:0
[   34099ms] [ERROR] Access to fetch at 'https://templates.openlen.com/templates/aiml-dark-4f33dec9d9ba.html' from origin 'https://openlen.com' has been blocked by CORS policy: No 'Access-Control-Allow-Origin' header is present on the requested resource. @ https://openlen.com/api/templates:0
[   34099ms] [ERROR] Failed to load resource: net::ERR_FAILED @ https://templates.openlen.com/templates/aiml-dark-4f33dec9d9ba.html:0
[   34105ms] [ERROR] Access to fetch at 'https://templates.openlen.com/templates/the-bay-cc93f7fc1de6.html' from origin 'https://openlen.com' has been blocked by CORS policy: No 'Access-Control-Allow-Origin' header is present on the requested resource. @ https://openlen.com/api/templates:0
[   34105ms] [ERROR] Failed to load resource: net::ERR_FAILED @ https://templates.openlen.com/templates/the-bay-cc93f7fc1de6.html:0
[   34112ms] [ERROR] Access to fetch at 'https://templates.openlen.com/templates/raiz-96bd6f1f152c.html' from origin 'https://openlen.com' has been blocked by CORS policy: No 'Access-Control-Allow-Origin' header is present on the requested resource. @ https://openlen.com/api/templates:0
[   34113ms] [ERROR] Failed to load resource: net::ERR_FAILED @ https://templates.openlen.com/templates/raiz-96bd6f1f152c.html:0
[   34117ms] [ERROR] Access to fetch at 'https://templates.openlen.com/templates/realestate-cream-3ed63b51eb5d.html' from origin 'https://openlen.com' has been blocked by CORS policy: No 'Access-Control-Allow-Origin' header is present on the requested resource. @ https://openlen.com/api/templates:0
[   34117ms] [ERROR] Failed to load resource: net::ERR_FAILED @ https://templates.openlen.com/templates/realestate-cream-3ed63b51eb5d.html:0
[   34130ms] [ERROR] Access to fetch at 'https://templates.openlen.com/templates/the-reserve-7a1f65e30515.html' from origin 'https://openlen.com' has been blocked by CORS policy: No 'Access-Control-Allow-Origin' header is present on the requested resource. @ https://openlen.com/api/templates:0
[   34130ms] [ERROR] Failed to load resource: net::ERR_FAILED @ https://templates.openlen.com/templates/the-reserve-7a1f65e30515.html:0
[   34135ms] [ERROR] Access to fetch at 'https://templates.openlen.com/templates/portfolio-light-f1622afb98d0.html' from origin 'https://openlen.com' has been blocked by CORS policy: No 'Access-Control-Allow-Origin' header is present on the requested resource. @ https://openlen.com/api/templates:0
[   34135ms] [ERROR] Failed to load resource: net::ERR_FAILED @ https://templates.openlen.com/templates/portfolio-light-f1622afb98d0.html:0
[   34151ms] [ERROR] Access to fetch at 'https://templates.openlen.com/templates/solera-0c825e08f6c4.html' from origin 'https://openlen.com' has been blocked by CORS policy: No 'Access-Control-Allow-Origin' header is present on the requested resource. @ https://openlen.com/api/templates:0
[   34151ms] [ERROR] Failed to load resource: net::ERR_FAILED @ https://templates.openlen.com/templates/solera-0c825e08f6c4.html:0
[   34156ms] [ERROR] Access to fetch at 'https://templates.openlen.com/templates/realestate-dark-0b62d2cfddf0.html' from origin 'https://openlen.com' has been blocked by CORS policy: No 'Access-Control-Allow-Origin' header is present on the requested resource. @ https://openlen.com/api/templates:0
[   34156ms] [ERROR] Failed to load resource: net::ERR_FAILED @ https://templates.openlen.com/templates/realestate-dark-0b62d2cfddf0.html:0
[   34157ms] [ERROR] Access to fetch at 'https://templates.openlen.com/templates/saltmarsh-4d7717aeb491.html' from origin 'https://openlen.com' has been blocked by CORS policy: No 'Access-Control-Allow-Origin' header is present on the requested resource. @ https://openlen.com/api/templates:0
[   34157ms] [ERROR] Failed to load resource: net::ERR_FAILED @ https://templates.openlen.com/templates/saltmarsh-4d7717aeb491.html:0
[   34163ms] [ERROR] Access to fetch at 'https://templates.openlen.com/templates/the-sands-2fd3e185f4f5.html' from origin 'https://openlen.com' has been blocked by CORS policy: No 'Access-Control-Allow-Origin' header is present on the requested resource. @ https://openlen.com/api/templates:0
[   34163ms] [ERROR] Failed to load resource: net::ERR_FAILED @ https://templates.openlen.com/templates/the-sands-2fd3e185f4f5.html:0
[   34279ms] [ERROR] Access to fetch at 'https://templates.openlen.com/templates/northbound-journeys-0b12e7b16379.html' from origin 'https://openlen.com' has been blocked by CORS policy: No 'Access-Control-Allow-Origin' header is present on the requested resource. @ https://openlen.com/api/templates:0
[   34279ms] [ERROR] Failed to load resource: net::ERR_FAILED @ https://templates.openlen.com/templates/northbound-journeys-0b12e7b16379.html:0
[   34318ms] [ERROR] Access to fetch at 'https://templates.openlen.com/templates/senal-cb06e99a3ef3.html' from origin 'https://openlen.com' has been blocked by CORS policy: No 'Access-Control-Allow-Origin' header is present on the requested resource. @ https://openlen.com/api/templates:0
[   34318ms] [ERROR] Failed to load resource: net::ERR_FAILED @ https://templates.openlen.com/templates/senal-cb06e99a3ef3.html:0
[   34322ms] [ERROR] Access to fetch at 'https://templates.openlen.com/templates/the-horizon-f42e7e560335.html' from origin 'https://openlen.com' has been blocked by CORS policy: No 'Access-Control-Allow-Origin' header is present on the requested resource. @ https://openlen.com/api/templates:0
[   34322ms] [ERROR] Failed to load resource: net::ERR_FAILED @ https://templates.openlen.com/templates/the-horizon-f42e7e560335.html:0
[   34331ms] [ERROR] Access to fetch at 'https://templates.openlen.com/templates/aetherborn-c4232901f43f.html' from origin 'https://openlen.com' has been blocked by CORS policy: No 'Access-Control-Allow-Origin' header is present on the requested resource. @ https://openlen.com/api/templates:0
[   34331ms] [ERROR] Failed to load resource: net::ERR_FAILED @ https://templates.openlen.com/templates/aetherborn-c4232901f43f.html:0
[   34332ms] [ERROR] Access to fetch at 'https://templates.openlen.com/templates/exodus-509c16d97e24.html' from origin 'https://openlen.com' has been blocked by CORS policy: No 'Access-Control-Allow-Origin' header is present on the requested resource. @ https://openlen.com/api/templates:0
[   34332ms] [ERROR] Failed to load resource: net::ERR_FAILED @ https://templates.openlen.com/templates/exodus-509c16d97e24.html:0
[   34332ms] [ERROR] Access to fetch at 'https://templates.openlen.com/templates/ferro-1f8369073119.html' from origin 'https://openlen.com' has been blocked by CORS policy: No 'Access-Control-Allow-Origin' header is present on the requested resource. @ https://openlen.com/api/templates:0
[   34332ms] [ERROR] Failed to load resource: net::ERR_FAILED @ https://templates.openlen.com/templates/ferro-1f8369073119.html:0
[   34336ms] [ERROR] Access to fetch at 'https://templates.openlen.com/templates/aula-0998de1deb5d.html' from origin 'https://openlen.com' has been blocked by CORS policy: No 'Access-Control-Allow-Origin' header is present on the requested resource. @ https://openlen.com/api/templates:0
[   34336ms] [ERROR] Failed to load resource: net::ERR_FAILED @ https://templates.openlen.com/templates/aula-0998de1deb5d.html:0
[   34340ms] [ERROR] Access to fetch at 'https://templates.openlen.com/templates/la-dorada-0062438c386b.html' from origin 'https://openlen.com' has been blocked by CORS policy: No 'Access-Control-Allow-Origin' header is present on the requested resource. @ https://openlen.com/api/templates:0
[   34340ms] [ERROR] Failed to load resource: net::ERR_FAILED @ https://templates.openlen.com/templates/la-dorada-0062438c386b.html:0
[   34340ms] [ERROR] Access to fetch at 'https://templates.openlen.com/templates/refugio-2c8f7b130ba1.html' from origin 'https://openlen.com' has been blocked by CORS policy: No 'Access-Control-Allow-Origin' header is present on the requested resource. @ https://openlen.com/api/templates:0
[   34341ms] [ERROR] Failed to load resource: net::ERR_FAILED @ https://templates.openlen.com/templates/refugio-2c8f7b130ba1.html:0
[   34352ms] [ERROR] Access to fetch at 'https://templates.openlen.com/templates/nimbus-c09b76022ab4.html' from origin 'https://openlen.com' has been blocked by CORS policy: No 'Access-Control-Allow-Origin' header is present on the requested resource. @ https://openlen.com/api/templates:0
[   34352ms] [ERROR] Failed to load resource: net::ERR_FAILED @ https://templates.openlen.com/templates/nimbus-c09b76022ab4.html:0
[   34352ms] [ERROR] Access to fetch at 'https://templates.openlen.com/templates/mareta-surf-22f2b82f7ebf.html' from origin 'https://openlen.com' has been blocked by CORS policy: No 'Access-Control-Allow-Origin' header is present on the requested resource. @ https://openlen.com/api/templates:0
[   34352ms] [ERROR] Failed to load resource: net::ERR_FAILED @ https://templates.openlen.com/templates/mareta-surf-22f2b82f7ebf.html:0
[   34353ms] [ERROR] Access to fetch at 'https://templates.openlen.com/templates/longitude-overland-2dcc2876bb76.html' from origin 'https://openlen.com' has been blocked by CORS policy: No 'Access-Control-Allow-Origin' header is present on the requested resource. @ https://openlen.com/api/templates:0
[   34353ms] [ERROR] Failed to load resource: net::ERR_FAILED @ https://templates.openlen.com/templates/longitude-overland-2dcc2876bb76.html:0
[   34356ms] [ERROR] Access to fetch at 'https://templates.openlen.com/templates/the-folio-84f7c3462df9.html' from origin 'https://openlen.com' has been blocked by CORS policy: No 'Access-Control-Allow-Origin' header is present on the requested resource. @ https://openlen.com/api/templates:0
[   34356ms] [ERROR] Failed to load resource: net::ERR_FAILED @ https://templates.openlen.com/templates/the-folio-84f7c3462df9.html:0
[   34356ms] [ERROR] Access to fetch at 'https://templates.openlen.com/templates/enlace-f996e3b529e3.html' from origin 'https://openlen.com' has been blocked by CORS policy: No 'Access-Control-Allow-Origin' header is present on the requested resource. @ https://openlen.com/api/templates:0
[   34356ms] [ERROR] Failed to load resource: net::ERR_FAILED @ https://templates.openlen.com/templates/enlace-f996e3b529e3.html:0
[   34371ms] [ERROR] Access to fetch at 'https://templates.openlen.com/templates/peachy-63ca75f52172.html' from origin 'https://openlen.com' has been blocked by CORS policy: No 'Access-Control-Allow-Origin' header is present on the requested resource. @ https://openlen.com/api/templates:0
[   34371ms] [ERROR] Failed to load resource: net::ERR_FAILED @ https://templates.openlen.com/templates/peachy-63ca75f52172.html:0
[   34371ms] [ERROR] Access to fetch at 'https://templates.openlen.com/templates/quanta-08d2b2b133b6.html' from origin 'https://openlen.com' has been blocked by CORS policy: No 'Access-Control-Allow-Origin' header is present on the requested resource. @ https://openlen.com/api/templates:0
[   34371ms] [ERROR] Failed to load resource: net::ERR_FAILED @ https://templates.openlen.com/templates/quanta-08d2b2b133b6.html:0
[   34373ms] [ERROR] Access to fetch at 'https://templates.openlen.com/templates/obra-398f01097488.html' from origin 'https://openlen.com' has been blocked by CORS policy: No 'Access-Control-Allow-Origin' header is present on the requested resource. @ https://openlen.com/api/templates:0
[   34373ms] [ERROR] Failed to load resource: net::ERR_FAILED @ https://templates.openlen.com/templates/obra-398f01097488.html:0
[   34378ms] [ERROR] Access to fetch at 'https://templates.openlen.com/templates/forja-f186212f127a.html' from origin 'https://openlen.com' has been blocked by CORS policy: No 'Access-Control-Allow-Origin' header is present on the requested resource. @ https://openlen.com/api/templates:0
[   34378ms] [ERROR] Failed to load resource: net::ERR_FAILED @ https://templates.openlen.com/templates/forja-f186212f127a.html:0
[   34379ms] [ERROR] Access to fetch at 'https://templates.openlen.com/templates/nucleo-865ca205378f.html' from origin 'https://openlen.com' has been blocked by CORS policy: No 'Access-Control-Allow-Origin' header is present on the requested resource. @ https://openlen.com/api/templates:0
[   34379ms] [ERROR] Failed to load resource: net::ERR_FAILED @ https://templates.openlen.com/templates/nucleo-865ca205378f.html:0
[   34392ms] [ERROR] Access to fetch at 'https://templates.openlen.com/templates/vinilo-03253a5f30aa.html' from origin 'https://openlen.com' has been blocked by CORS policy: No 'Access-Control-Allow-Origin' header is present on the requested resource. @ https://openlen.com/api/templates:0
[   34392ms] [ERROR] Failed to load resource: net::ERR_FAILED @ https://templates.openlen.com/templates/vinilo-03253a5f30aa.html:0
[   34412ms] [ERROR] Access to fetch at 'https://templates.openlen.com/templates/miru-86f9214683d8.html' from origin 'https://openlen.com' has been blocked by CORS policy: No 'Access-Control-Allow-Origin' header is present on the requested resource. @ https://openlen.com/api/templates:0
[   34412ms] [ERROR] Failed to load resource: net::ERR_FAILED @ https://templates.openlen.com/templates/miru-86f9214683d8.html:0
[   34412ms] [ERROR] Access to fetch at 'https://templates.openlen.com/templates/cairn-alpine-50f4f0aa0039.html' from origin 'https://openlen.com' has been blocked by CORS policy: No 'Access-Control-Allow-Origin' header is present on the requested resource. @ https://openlen.com/api/templates:0
[   34412ms] [ERROR] Failed to load resource: net::ERR_FAILED @ https://templates.openlen.com/templates/cairn-alpine-50f4f0aa0039.html:0
[   34450ms] [ERROR] Access to fetch at 'https://templates.openlen.com/templates/mesa-c6ec8da77700.html' from origin 'https://openlen.com' has been blocked by CORS policy: No 'Access-Control-Allow-Origin' header is present on the requested resource. @ https://openlen.com/api/templates:0
[   34450ms] [ERROR] Failed to load resource: net::ERR_FAILED @ https://templates.openlen.com/templates/mesa-c6ec8da77700.html:0
[   34493ms] [ERROR] Access to fetch at 'https://templates.openlen.com/templates/sidestreet-guides-ee02b0d07e16.html' from origin 'https://openlen.com' has been blocked by CORS policy: No 'Access-Control-Allow-Origin' header is present on the requested resource. @ https://openlen.com/api/templates:0
[   34493ms] [ERROR] Failed to load resource: net::ERR_FAILED @ https://templates.openlen.com/templates/sidestreet-guides-ee02b0d07e16.html:0
[   34606ms] [ERROR] Access to fetch at 'https://templates.openlen.com/templates/faro-1abaa7ea153c.html' from origin 'https://openlen.com' has been blocked by CORS policy: No 'Access-Control-Allow-Origin' header is present on the requested resource. @ https://openlen.com/api/templates:0
[   34606ms] [ERROR] Failed to load resource: net::ERR_FAILED @ https://templates.openlen.com/templates/faro-1abaa7ea153c.html:0
[   34623ms] [ERROR] Access to fetch at 'https://templates.openlen.com/templates/arcade-b0be0d8c3499.html' from origin 'https://openlen.com' has been blocked by CORS policy: No 'Access-Control-Allow-Origin' header is present on the requested resource. @ https://openlen.com/api/templates:0
[   34623ms] [ERROR] Failed to load resource: net::ERR_FAILED @ https://templates.openlen.com/templates/arcade-b0be0d8c3499.html:0
[   34652ms] [ERROR] Access to fetch at 'https://templates.openlen.com/templates/muralla-1b096173759a.html' from origin 'https://openlen.com' has been blocked by CORS policy: No 'Access-Control-Allow-Origin' header is present on the requested resource. @ https://openlen.com/api/templates:0
[   34653ms] [ERROR] Failed to load resource: net::ERR_FAILED @ https://templates.openlen.com/templates/muralla-1b096173759a.html:0
[   34662ms] [ERROR] Access to fetch at 'https://templates.openlen.com/templates/solar-769cf4edec4a.html' from origin 'https://openlen.com' has been blocked by CORS policy: No 'Access-Control-Allow-Origin' header is present on the requested resource. @ https://openlen.com/api/templates:0
[   34662ms] [ERROR] Failed to load resource: net::ERR_FAILED @ https://templates.openlen.com/templates/solar-769cf4edec4a.html:0
[   34662ms] [ERROR] Access to fetch at 'https://templates.openlen.com/templates/sereno-9ad47eac8a5c.html' from origin 'https://openlen.com' has been blocked by CORS policy: No 'Access-Control-Allow-Origin' header is present on the requested resource. @ https://openlen.com/api/templates:0
[   34662ms] [ERROR] Failed to load resource: net::ERR_FAILED @ https://templates.openlen.com/templates/sereno-9ad47eac8a5c.html:0
[   34664ms] [ERROR] Access to fetch at 'https://templates.openlen.com/templates/aura-734b654240d2.html' from origin 'https://openlen.com' has been blocked by CORS policy: No 'Access-Control-Allow-Origin' header is present on the requested resource. @ https://openlen.com/api/templates:0
[   34664ms] [ERROR] Failed to load resource: net::ERR_FAILED @ https://templates.openlen.com/templates/aura-734b654240d2.html:0
[   34667ms] [ERROR] Access to fetch at 'https://templates.openlen.com/templates/hocico-bb52624a8556.html' from origin 'https://openlen.com' has been blocked by CORS policy: No 'Access-Control-Allow-Origin' header is present on the requested resource. @ https://openlen.com/api/templates:0
[   34667ms] [ERROR] Failed to load resource: net::ERR_FAILED @ https://templates.openlen.com/templates/hocico-bb52624a8556.html:0
[   34667ms] [ERROR] Access to fetch at 'https://templates.openlen.com/templates/miga-112378e86a5b.html' from origin 'https://openlen.com' has been blocked by CORS policy: No 'Access-Control-Allow-Origin' header is present on the requested resource. @ https://openlen.com/api/templates:0
[   34667ms] [ERROR] Failed to load resource: net::ERR_FAILED @ https://templates.openlen.com/templates/miga-112378e86a5b.html:0
[   34674ms] [ERROR] Access to fetch at 'https://templates.openlen.com/templates/cadena-0f416cddafde.html' from origin 'https://openlen.com' has been blocked by CORS policy: No 'Access-Control-Allow-Origin' header is present on the requested resource. @ https://openlen.com/api/templates:0
[   34674ms] [ERROR] Failed to load resource: net::ERR_FAILED @ https://templates.openlen.com/templates/cadena-0f416cddafde.html:0
[   34675ms] [ERROR] Access to fetch at 'https://templates.openlen.com/templates/aforo-c5a39a28780b.html' from origin 'https://openlen.com' has been blocked by CORS policy: No 'Access-Control-Allow-Origin' header is present on the requested resource. @ https://openlen.com/api/templates:0
[   34675ms] [ERROR] Failed to load resource: net::ERR_FAILED @ https://templates.openlen.com/templates/aforo-c5a39a28780b.html:0
[   34675ms] [ERROR] Access to fetch at 'https://templates.openlen.com/templates/ampara-be77ce13e9f3.html' from origin 'https://openlen.com' has been blocked by CORS policy: No 'Access-Control-Allow-Origin' header is present on the requested resource. @ https://openlen.com/api/templates:0
[   34675ms] [ERROR] Failed to load resource: net::ERR_FAILED @ https://templates.openlen.com/templates/ampara-be77ce13e9f3.html:0
[   34675ms] [ERROR] Access to fetch at 'https://templates.openlen.com/templates/rumbo-0710e0d27d2c.html' from origin 'https://openlen.com' has been blocked by CORS policy: No 'Access-Control-Allow-Origin' header is present on the requested resource. @ https://openlen.com/api/templates:0
[   34675ms] [ERROR] Failed to load resource: net::ERR_FAILED @ https://templates.openlen.com/templates/rumbo-0710e0d27d2c.html:0
[   34681ms] [ERROR] Access to fetch at 'https://templates.openlen.com/templates/grano-cd75dcb97dc3.html' from origin 'https://openlen.com' has been blocked by CORS policy: No 'Access-Control-Allow-Origin' header is present on the requested resource. @ https://openlen.com/api/templates:0
[   34681ms] [ERROR] Failed to load resource: net::ERR_FAILED @ https://templates.openlen.com/templates/grano-cd75dcb97dc3.html:0
[   34681ms] [ERROR] Access to fetch at 'https://templates.openlen.com/templates/fuero-d0937249258a.html' from origin 'https://openlen.com' has been blocked by CORS policy: No 'Access-Control-Allow-Origin' header is present on the requested resource. @ https://openlen.com/api/templates:0
[   34681ms] [ERROR] Failed to load resource: net::ERR_FAILED @ https://templates.openlen.com/templates/fuero-d0937249258a.html:0
[   34681ms] [ERROR] Access to fetch at 'https://templates.openlen.com/templates/estancia-44b1c8a266a0.html' from origin 'https://openlen.com' has been blocked by CORS policy: No 'Access-Control-Allow-Origin' header is present on the requested resource. @ https://openlen.com/api/templates:0
[   34681ms] [ERROR] Failed to load resource: net::ERR_FAILED @ https://templates.openlen.com/templates/estancia-44b1c8a266a0.html:0
[   34685ms] [ERROR] Access to fetch at 'https://templates.openlen.com/templates/pasarela-0f26549949c2.html' from origin 'https://openlen.com' has been blocked by CORS policy: No 'Access-Control-Allow-Origin' header is present on the requested resource. @ https://openlen.com/api/templates:0
[   34685ms] [ERROR] Failed to load resource: net::ERR_FAILED @ https://templates.openlen.com/templates/pasarela-0f26549949c2.html:0
[   34690ms] [ERROR] Access to fetch at 'https://templates.openlen.com/templates/eco-f93450ade1d4.html' from origin 'https://openlen.com' has been blocked by CORS policy: No 'Access-Control-Allow-Origin' header is present on the requested resource. @ https://openlen.com/api/templates:0
[   34690ms] [ERROR] Failed to load resource: net::ERR_FAILED @ https://templates.openlen.com/templates/eco-f93450ade1d4.html:0
[   34690ms] [ERROR] Access to fetch at 'https://templates.openlen.com/templates/boletin-36358786f65b.html' from origin 'https://openlen.com' has been blocked by CORS policy: No 'Access-Control-Allow-Origin' header is present on the requested resource. @ https://openlen.com/api/templates:0
[   34690ms] [ERROR] Failed to load resource: net::ERR_FAILED @ https://templates.openlen.com/templates/boletin-36358786f65b.html:0
[   34701ms] [ERROR] Access to fetch at 'https://templates.openlen.com/templates/bolsillo-e3fffd0869fa.html' from origin 'https://openlen.com' has been blocked by CORS policy: No 'Access-Control-Allow-Origin' header is present on the requested resource. @ https://openlen.com/api/templates:0
[   34701ms] [ERROR] Failed to load resource: net::ERR_FAILED @ https://templates.openlen.com/templates/bolsillo-e3fffd0869fa.html:0
[   34704ms] [ERROR] Access to fetch at 'https://templates.openlen.com/templates/senda-e58269bf1587.html' from origin 'https://openlen.com' has been blocked by CORS policy: No 'Access-Control-Allow-Origin' header is present on the requested resource. @ https://openlen.com/api/templates:0
[   34704ms] [ERROR] Failed to load resource: net::ERR_FAILED @ https://templates.openlen.com/templates/senda-e58269bf1587.html:0
[   34716ms] [ERROR] Access to fetch at 'https://templates.openlen.com/templates/trato-ce5b4d4a9ebb.html' from origin 'https://openlen.com' has been blocked by CORS policy: No 'Access-Control-Allow-Origin' header is present on the requested resource. @ https://openlen.com/api/templates:0
[   34716ms] [ERROR] Failed to load resource: net::ERR_FAILED @ https://templates.openlen.com/templates/trato-ce5b4d4a9ebb.html:0
[   34725ms] [ERROR] Access to fetch at 'https://templates.openlen.com/templates/pelaje-2bebf2dc0660.html' from origin 'https://openlen.com' has been blocked by CORS policy: No 'Access-Control-Allow-Origin' header is present on the requested resource. @ https://openlen.com/api/templates:0
[   34725ms] [ERROR] Failed to load resource: net::ERR_FAILED @ https://templates.openlen.com/templates/pelaje-2bebf2dc0660.html:0
[   34725ms] [ERROR] Access to fetch at 'https://templates.openlen.com/templates/pulso-001e7b5cebad.html' from origin 'https://openlen.com' has been blocked by CORS policy: No 'Access-Control-Allow-Origin' header is present on the requested resource. @ https://openlen.com/api/templates:0
[   34725ms] [ERROR] Failed to load resource: net::ERR_FAILED @ https://templates.openlen.com/templates/pulso-001e7b5cebad.html:0
[   34771ms] [ERROR] Access to fetch at 'https://templates.openlen.com/templates/cumbre-54852e43204c.html' from origin 'https://openlen.com' has been blocked by CORS policy: No 'Access-Control-Allow-Origin' header is present on the requested resource. @ https://openlen.com/api/templates:0
[   34771ms] [ERROR] Failed to load resource: net::ERR_FAILED @ https://templates.openlen.com/templates/cumbre-54852e43204c.html:0
[   34886ms] [ERROR] Access to fetch at 'https://templates.openlen.com/templates/astra-7d9383c6bc63.html' from origin 'https://openlen.com' has been blocked by CORS policy: No 'Access-Control-Allow-Origin' header is present on the requested resource. @ https://openlen.com/api/templates:0
[   34886ms] [ERROR] Failed to load resource: net::ERR_FAILED @ https://templates.openlen.com/templates/astra-7d9383c6bc63.html:0
[   34896ms] [ERROR] Access to fetch at 'https://templates.openlen.com/templates/vertice-fe6740bdc038.html' from origin 'https://openlen.com' has been blocked by CORS policy: No 'Access-Control-Allow-Origin' header is present on the requested resource. @ https://openlen.com/api/templates:0
[   34896ms] [ERROR] Failed to load resource: net::ERR_FAILED @ https://templates.openlen.com/templates/vertice-fe6740bdc038.html:0
[   34930ms] [ERROR] Access to fetch at 'https://templates.openlen.com/templates/basalto-3993cdef0c8f.html' from origin 'https://openlen.com' has been blocked by CORS policy: No 'Access-Control-Allow-Origin' header is present on the requested resource. @ https://openlen.com/api/templates:0
[   34930ms] [ERROR] Failed to load resource: net::ERR_FAILED @ https://templates.openlen.com/templates/basalto-3993cdef0c8f.html:0
[   34935ms] [ERROR] Access to fetch at 'https://templates.openlen.com/templates/huerta-6b563a00e959.html' from origin 'https://openlen.com' has been blocked by CORS policy: No 'Access-Control-Allow-Origin' header is present on the requested resource. @ https://openlen.com/api/templates:0
[   34935ms] [ERROR] Failed to load resource: net::ERR_FAILED @ https://templates.openlen.com/templates/huerta-6b563a00e959.html:0
[   34937ms] [ERROR] Access to fetch at 'https://templates.openlen.com/templates/nodo-32c771513564.html' from origin 'https://openlen.com' has been blocked by CORS policy: No 'Access-Control-Allow-Origin' header is present on the requested resource. @ https://openlen.com/api/templates:0
[   34937ms] [ERROR] Failed to load resource: net::ERR_FAILED @ https://templates.openlen.com/templates/nodo-32c771513564.html:0
[   34937ms] [ERROR] Access to fetch at 'https://templates.openlen.com/templates/gremio-84c6c7bae74c.html' from origin 'https://openlen.com' has been blocked by CORS policy: No 'Access-Control-Allow-Origin' header is present on the requested resource. @ https://openlen.com/api/templates:0
[   34937ms] [ERROR] Failed to load resource: net::ERR_FAILED @ https://templates.openlen.com/templates/gremio-84c6c7bae74c.html:0
[   34940ms] [ERROR] Access to fetch at 'https://templates.openlen.com/templates/nido-522edf97a0b4.html' from origin 'https://openlen.com' has been blocked by CORS policy: No 'Access-Control-Allow-Origin' header is present on the requested resource. @ https://openlen.com/api/templates:0
[   34940ms] [ERROR] Failed to load resource: net::ERR_FAILED @ https://templates.openlen.com/templates/nido-522edf97a0b4.html:0
[   34944ms] [ERROR] Access to fetch at 'https://templates.openlen.com/templates/rompiente-e06177ce7356.html' from origin 'https://openlen.com' has been blocked by CORS policy: No 'Access-Control-Allow-Origin' header is present on the requested resource. @ https://openlen.com/api/templates:0
[   34944ms] [ERROR] Failed to load resource: net::ERR_FAILED @ https://templates.openlen.com/templates/rompiente-e06177ce7356.html:0
[   34945ms] [ERROR] Access to fetch at 'https://templates.openlen.com/templates/cobalto-9d58efdab8bf.html' from origin 'https://openlen.com' has been blocked by CORS policy: No 'Access-Control-Allow-Origin' header is present on the requested resource. @ https://openlen.com/api/templates:0
[   34945ms] [ERROR] Failed to load resource: net::ERR_FAILED @ https://templates.openlen.com/templates/cobalto-9d58efdab8bf.html:0
[   34946ms] [ERROR] Access to fetch at 'https://templates.openlen.com/templates/fauna-376ef276db56.html' from origin 'https://openlen.com' has been blocked by CORS policy: No 'Access-Control-Allow-Origin' header is present on the requested resource. @ https://openlen.com/api/templates:0
[   34946ms] [ERROR] Failed to load resource: net::ERR_FAILED @ https://templates.openlen.com/templates/fauna-376ef276db56.html:0
[   34954ms] [ERROR] Access to fetch at 'https://templates.openlen.com/templates/barrica-4555ec9f8492.html' from origin 'https://openlen.com' has been blocked by CORS policy: No 'Access-Control-Allow-Origin' header is present on the requested resource. @ https://openlen.com/api/templates:0
[   34954ms] [ERROR] Failed to load resource: net::ERR_FAILED @ https://templates.openlen.com/templates/barrica-4555ec9f8492.html:0
[   34956ms] [ERROR] Access to fetch at 'https://templates.openlen.com/templates/ambar-d6073f9c7558.html' from origin 'https://openlen.com' has been blocked by CORS policy: No 'Access-Control-Allow-Origin' header is present on the requested resource. @ https://openlen.com/api/templates:0
[   34956ms] [ERROR] Failed to load resource: net::ERR_FAILED @ https://templates.openlen.com/templates/ambar-d6073f9c7558.html:0
[   34958ms] [ERROR] Access to fetch at 'https://templates.openlen.com/templates/tarima-a677084e2340.html' from origin 'https://openlen.com' has been blocked by CORS policy: No 'Access-Control-Allow-Origin' header is present on the requested resource. @ https://openlen.com/api/templates:0
[   34958ms] [ERROR] Failed to load resource: net::ERR_FAILED @ https://templates.openlen.com/templates/tarima-a677084e2340.html:0
[   34958ms] [ERROR] Access to fetch at 'https://templates.openlen.com/templates/cifra-8af5a5021430.html' from origin 'https://openlen.com' has been blocked by CORS policy: No 'Access-Control-Allow-Origin' header is present on the requested resource. @ https://openlen.com/api/templates:0
[   34958ms] [ERROR] Failed to load resource: net::ERR_FAILED @ https://templates.openlen.com/templates/cifra-8af5a5021430.html:0
[   34961ms] [ERROR] Access to fetch at 'https://templates.openlen.com/templates/sastre-dc00177938ab.html' from origin 'https://openlen.com' has been blocked by CORS policy: No 'Access-Control-Allow-Origin' header is present on the requested resource. @ https://openlen.com/api/templates:0
[   34961ms] [ERROR] Failed to load resource: net::ERR_FAILED @ https://templates.openlen.com/templates/sastre-dc00177938ab.html:0
[   34962ms] [ERROR] Access to fetch at 'https://templates.openlen.com/templates/encuadre-24df5acde09f.html' from origin 'https://openlen.com' has been blocked by CORS policy: No 'Access-Control-Allow-Origin' header is present on the requested resource. @ https://openlen.com/api/templates:0
[   34962ms] [ERROR] Failed to load resource: net::ERR_FAILED @ https://templates.openlen.com/templates/encuadre-24df5acde09f.html:0
[   34970ms] [ERROR] Access to fetch at 'https://templates.openlen.com/templates/plano-f2b8e7b8cb7a.html' from origin 'https://openlen.com' has been blocked by CORS policy: No 'Access-Control-Allow-Origin' header is present on the requested resource. @ https://openlen.com/api/templates:0
[   34970ms] [ERROR] Failed to load resource: net::ERR_FAILED @ https://templates.openlen.com/templates/plano-f2b8e7b8cb7a.html:0
[   34989ms] [ERROR] Access to fetch at 'https://templates.openlen.com/templates/lienzo-c885d42de61d.html' from origin 'https://openlen.com' has been blocked by CORS policy: No 'Access-Control-Allow-Origin' header is present on the requested resource. @ https://openlen.com/api/templates:0
[   34989ms] [ERROR] Failed to load resource: net::ERR_FAILED @ https://templates.openlen.com/templates/lienzo-c885d42de61d.html:0
[   34993ms] [ERROR] Access to fetch at 'https://templates.openlen.com/templates/petalo-3df8510f3407.html' from origin 'https://openlen.com' has been blocked by CORS policy: No 'Access-Control-Allow-Origin' header is present on the requested resource. @ https://openlen.com/api/templates:0
[   34993ms] [ERROR] Failed to load resource: net::ERR_FAILED @ https://templates.openlen.com/templates/petalo-3df8510f3407.html:0
[   34998ms] [ERROR] Access to fetch at 'https://templates.openlen.com/templates/celda-1ce08cd7e2d1.html' from origin 'https://openlen.com' has been blocked by CORS policy: No 'Access-Control-Allow-Origin' header is present on the requested resource. @ https://openlen.com/api/templates:0
[   34998ms] [ERROR] Failed to load resource: net::ERR_FAILED @ https://templates.openlen.com/templates/celda-1ce08cd7e2d1.html:0
[   35028ms] [ERROR] Access to fetch at 'https://templates.openlen.com/templates/vitrina-21576a8c97ed.html' from origin 'https://openlen.com' has been blocked by CORS policy: No 'Access-Control-Allow-Origin' header is present on the requested resource. @ https://openlen.com/api/templates:0
[   35028ms] [ERROR] Failed to load resource: net::ERR_FAILED @ https://templates.openlen.com/templates/vitrina-21576a8c97ed.html:0
[   35029ms] [ERROR] Access to fetch at 'https://templates.openlen.com/templates/glosa-402c4406d702.html' from origin 'https://openlen.com' has been blocked by CORS policy: No 'Access-Control-Allow-Origin' header is present on the requested resource. @ https://openlen.com/api/templates:0
[   35029ms] [ERROR] Failed to load resource: net::ERR_FAILED @ https://templates.openlen.com/templates/glosa-402c4406d702.html:0
[   35041ms] [ERROR] Access to fetch at 'https://templates.openlen.com/templates/orbita-5d50d3f18133.html' from origin 'https://openlen.com' has been blocked by CORS policy: No 'Access-Control-Allow-Origin' header is present on the requested resource. @ https://openlen.com/api/templates:0
[   35041ms] [ERROR] Failed to load resource: net::ERR_FAILED @ https://templates.openlen.com/templates/orbita-5d50d3f18133.html:0
[   35044ms] [ERROR] Access to fetch at 'https://templates.openlen.com/templates/nieve-5c5ecacc4c40.html' from origin 'https://openlen.com' has been blocked by CORS policy: No 'Access-Control-Allow-Origin' header is present on the requested resource. @ https://openlen.com/api/templates:0
[   35044ms] [ERROR] Failed to load resource: net::ERR_FAILED @ https://templates.openlen.com/templates/nieve-5c5ecacc4c40.html:0
[   35175ms] [ERROR] Access to fetch at 'https://templates.openlen.com/templates/brote-cb26c7992b87.html' from origin 'https://openlen.com' has been blocked by CORS policy: No 'Access-Control-Allow-Origin' header is present on the requested resource. @ https://openlen.com/api/templates:0
[   35176ms] [ERROR] Failed to load resource: net::ERR_FAILED @ https://templates.openlen.com/templates/brote-cb26c7992b87.html:0
[   35208ms] [ERROR] Access to fetch at 'https://templates.openlen.com/templates/agora-0f2d534a5f4d.html' from origin 'https://openlen.com' has been blocked by CORS policy: No 'Access-Control-Allow-Origin' header is present on the requested resource. @ https://openlen.com/api/templates:0
[   35208ms] [ERROR] Failed to load resource: net::ERR_FAILED @ https://templates.openlen.com/templates/agora-0f2d534a5f4d.html:0
[   35213ms] [ERROR] Access to fetch at 'https://templates.openlen.com/templates/cornisa-33dd203c8099.html' from origin 'https://openlen.com' has been blocked by CORS policy: No 'Access-Control-Allow-Origin' header is present on the requested resource. @ https://openlen.com/api/templates:0
[   35213ms] [ERROR] Failed to load resource: net::ERR_FAILED @ https://templates.openlen.com/templates/cornisa-33dd203c8099.html:0
[   35218ms] [ERROR] Access to fetch at 'https://templates.openlen.com/templates/brujula-c750a31e9be8.html' from origin 'https://openlen.com' has been blocked by CORS policy: No 'Access-Control-Allow-Origin' header is present on the requested resource. @ https://openlen.com/api/templates:0
[   35218ms] [ERROR] Failed to load resource: net::ERR_FAILED @ https://templates.openlen.com/templates/brujula-c750a31e9be8.html:0
[   35219ms] [ERROR] Access to fetch at 'https://templates.openlen.com/templates/fragor-d6bc87669862.html' from origin 'https://openlen.com' has been blocked by CORS policy: No 'Access-Control-Allow-Origin' header is present on the requested resource. @ https://openlen.com/api/templates:0
[   35219ms] [ERROR] Failed to load resource: net::ERR_FAILED @ https://templates.openlen.com/templates/fragor-d6bc87669862.html:0
[   35224ms] [ERROR] Access to fetch at 'https://templates.openlen.com/templates/mostrador-08e7b45e3ce1.html' from origin 'https://openlen.com' has been blocked by CORS policy: No 'Access-Control-Allow-Origin' header is present on the requested resource. @ https://openlen.com/api/templates:0
[   35224ms] [ERROR] Failed to load resource: net::ERR_FAILED @ https://templates.openlen.com/templates/mostrador-08e7b45e3ce1.html:0
[   35226ms] [ERROR] Access to fetch at 'https://templates.openlen.com/templates/estela-e07bd478a331.html' from origin 'https://openlen.com' has been blocked by CORS policy: No 'Access-Control-Allow-Origin' header is present on the requested resource. @ https://openlen.com/api/templates:0
[   35226ms] [ERROR] Failed to load resource: net::ERR_FAILED @ https://templates.openlen.com/templates/estela-e07bd478a331.html:0
[   35229ms] [ERROR] Access to fetch at 'https://templates.openlen.com/templates/votos-4c983886f3c0.html' from origin 'https://openlen.com' has been blocked by CORS policy: No 'Access-Control-Allow-Origin' header is present on the requested resource. @ https://openlen.com/api/templates:0
[   35229ms] [ERROR] Failed to load resource: net::ERR_FAILED @ https://templates.openlen.com/templates/votos-4c983886f3c0.html:0
[   35238ms] [ERROR] Access to fetch at 'https://templates.openlen.com/templates/latido-5c07f5dd8caa.html' from origin 'https://openlen.com' has been blocked by CORS policy: No 'Access-Control-Allow-Origin' header is present on the requested resource. @ https://openlen.com/api/templates:0
[   35239ms] [ERROR] Failed to load resource: net::ERR_FAILED @ https://templates.openlen.com/templates/latido-5c07f5dd8caa.html:0
[   35240ms] [ERROR] Access to fetch at 'https://templates.openlen.com/templates/sello-7ec88d7c6e17.html' from origin 'https://openlen.com' has been blocked by CORS policy: No 'Access-Control-Allow-Origin' header is present on the requested resource. @ https://openlen.com/api/templates:0
[   35240ms] [ERROR] Failed to load resource: net::ERR_FAILED @ https://templates.openlen.com/templates/sello-7ec88d7c6e17.html:0
[   35240ms] [ERROR] Access to fetch at 'https://templates.openlen.com/templates/feria-a186f56cdc21.html' from origin 'https://openlen.com' has been blocked by CORS policy: No 'Access-Control-Allow-Origin' header is present on the requested resource. @ https://openlen.com/api/templates:0
[   35240ms] [ERROR] Failed to load resource: net::ERR_FAILED @ https://templates.openlen.com/templates/feria-a186f56cdc21.html:0
[   35244ms] [ERROR] Access to fetch at 'https://templates.openlen.com/templates/vatio-4f6a235d90ea.html' from origin 'https://openlen.com' has been blocked by CORS policy: No 'Access-Control-Allow-Origin' header is present on the requested resource. @ https://openlen.com/api/templates:0
[   35244ms] [ERROR] Failed to load resource: net::ERR_FAILED @ https://templates.openlen.com/templates/vatio-4f6a235d90ea.html:0
[   35246ms] [ERROR] Access to fetch at 'https://templates.openlen.com/templates/manglar-4de9462f52f4.html' from origin 'https://openlen.com' has been blocked by CORS policy: No 'Access-Control-Allow-Origin' header is present on the requested resource. @ https://openlen.com/api/templates:0
[   35246ms] [ERROR] Failed to load resource: net::ERR_FAILED @ https://templates.openlen.com/templates/manglar-4de9462f52f4.html:0
[   35254ms] [ERROR] Access to fetch at 'https://templates.openlen.com/templates/pizarra-ff2fe946741b.html' from origin 'https://openlen.com' has been blocked by CORS policy: No 'Access-Control-Allow-Origin' header is present on the requested resource. @ https://openlen.com/api/templates:0
[   35254ms] [ERROR] Failed to load resource: net::ERR_FAILED @ https://templates.openlen.com/templates/pizarra-ff2fe946741b.html:0
[   35258ms] [ERROR] Access to fetch at 'https://templates.openlen.com/templates/emisora-b659a14f9339.html' from origin 'https://openlen.com' has been blocked by CORS policy: No 'Access-Control-Allow-Origin' header is present on the requested resource. @ https://openlen.com/api/templates:0
[   35258ms] [ERROR] Failed to load resource: net::ERR_FAILED @ https://templates.openlen.com/templates/emisora-b659a14f9339.html:0
[   35262ms] [ERROR] Access to fetch at 'https://templates.openlen.com/templates/surco-ab8f9d78d4df.html' from origin 'https://openlen.com' has been blocked by CORS policy: No 'Access-Control-Allow-Origin' header is present on the requested resource. @ https://openlen.com/api/templates:0
[   35263ms] [ERROR] Failed to load resource: net::ERR_FAILED @ https://templates.openlen.com/templates/surco-ab8f9d78d4df.html:0
[   35266ms] [ERROR] Access to fetch at 'https://templates.openlen.com/templates/indice-f72708dc29c5.html' from origin 'https://openlen.com' has been blocked by CORS policy: No 'Access-Control-Allow-Origin' header is present on the requested resource. @ https://openlen.com/api/templates:0
[   35266ms] [ERROR] Failed to load resource: net::ERR_FAILED @ https://templates.openlen.com/templates/indice-f72708dc29c5.html:0
[   35277ms] [ERROR] Access to fetch at 'https://templates.openlen.com/templates/trama-4b00740132fa.html' from origin 'https://openlen.com' has been blocked by CORS policy: No 'Access-Control-Allow-Origin' header is present on the requested resource. @ https://openlen.com/api/templates:0
[   35277ms] [ERROR] Failed to load resource: net::ERR_FAILED @ https://templates.openlen.com/templates/trama-4b00740132fa.html:0
[   35283ms] [ERROR] Access to fetch at 'https://templates.openlen.com/templates/cobijo-4effbe95fcdb.html' from origin 'https://openlen.com' has been blocked by CORS policy: No 'Access-Control-Allow-Origin' header is present on the requested resource. @ https://openlen.com/api/templates:0
[   35283ms] [ERROR] Failed to load resource: net::ERR_FAILED @ https://templates.openlen.com/templates/cobijo-4effbe95fcdb.html:0
[   35289ms] [ERROR] Access to fetch at 'https://templates.openlen.com/templates/apogeo-0145bc4e0413.html' from origin 'https://openlen.com' has been blocked by CORS policy: No 'Access-Control-Allow-Origin' header is present on the requested resource. @ https://openlen.com/api/templates:0
[   35289ms] [ERROR] Failed to load resource: net::ERR_FAILED @ https://templates.openlen.com/templates/apogeo-0145bc4e0413.html:0
[   35300ms] [ERROR] Access to fetch at 'https://templates.openlen.com/templates/atrio-3f2926e93b3e.html' from origin 'https://openlen.com' has been blocked by CORS policy: No 'Access-Control-Allow-Origin' header is present on the requested resource. @ https://openlen.com/api/templates:0
[   35300ms] [ERROR] Failed to load resource: net::ERR_FAILED @ https://templates.openlen.com/templates/atrio-3f2926e93b3e.html:0
[   35306ms] [ERROR] Access to fetch at 'https://templates.openlen.com/templates/cenit-b420a7dfef26.html' from origin 'https://openlen.com' has been blocked by CORS policy: No 'Access-Control-Allow-Origin' header is present on the requested resource. @ https://openlen.com/api/templates:0
[   35306ms] [ERROR] Failed to load resource: net::ERR_FAILED @ https://templates.openlen.com/templates/cenit-b420a7dfef26.html:0
[   35337ms] [ERROR] Access to fetch at 'https://templates.openlen.com/templates/cartel-86462d669b7e.html' from origin 'https://openlen.com' has been blocked by CORS policy: No 'Access-Control-Allow-Origin' header is present on the requested resource. @ https://openlen.com/api/templates:0
[   35337ms] [ERROR] Failed to load resource: net::ERR_FAILED @ https://templates.openlen.com/templates/cartel-86462d669b7e.html:0
[   35355ms] [ERROR] Access to fetch at 'https://templates.openlen.com/templates/albor-035ae4ed781e.html' from origin 'https://openlen.com' has been blocked by CORS policy: No 'Access-Control-Allow-Origin' header is present on the requested resource. @ https://openlen.com/api/templates:0
[   35355ms] [ERROR] Failed to load resource: net::ERR_FAILED @ https://templates.openlen.com/templates/albor-035ae4ed781e.html:0
[   35471ms] [ERROR] Access to fetch at 'https://templates.openlen.com/templates/boveda-69c730272203.html' from origin 'https://openlen.com' has been blocked by CORS policy: No 'Access-Control-Allow-Origin' header is present on the requested resource. @ https://openlen.com/api/templates:0
[   35471ms] [ERROR] Failed to load resource: net::ERR_FAILED @ https://templates.openlen.com/templates/boveda-69c730272203.html:0
[   35476ms] [ERROR] Access to fetch at 'https://templates.openlen.com/templates/obsidiana-67c8fd01b58a.html' from origin 'https://openlen.com' has been blocked by CORS policy: No 'Access-Control-Allow-Origin' header is present on the requested resource. @ https://openlen.com/api/templates:0
[   35476ms] [ERROR] Failed to load resource: net::ERR_FAILED @ https://templates.openlen.com/templates/obsidiana-67c8fd01b58a.html:0
[   35512ms] [ERROR] Access to fetch at 'https://templates.openlen.com/templates/umbral-58a3448dfa07.html' from origin 'https://openlen.com' has been blocked by CORS policy: No 'Access-Control-Allow-Origin' header is present on the requested resource. @ https://openlen.com/api/templates:0
[   35512ms] [ERROR] Failed to load resource: net::ERR_FAILED @ https://templates.openlen.com/templates/umbral-58a3448dfa07.html:0
[   35515ms] [ERROR] Access to fetch at 'https://templates.openlen.com/templates/brindis-695618bedeec.html' from origin 'https://openlen.com' has been blocked by CORS policy: No 'Access-Control-Allow-Origin' header is present on the requested resource. @ https://openlen.com/api/templates:0
[   35515ms] [ERROR] Failed to load resource: net::ERR_FAILED @ https://templates.openlen.com/templates/brindis-695618bedeec.html:0
[   35519ms] [ERROR] Access to fetch at 'https://templates.openlen.com/templates/gaceta-defad76e7c2a.html' from origin 'https://openlen.com' has been blocked by CORS policy: No 'Access-Control-Allow-Origin' header is present on the requested resource. @ https://openlen.com/api/templates:0
[   35519ms] [ERROR] Failed to load resource: net::ERR_FAILED @ https://templates.openlen.com/templates/gaceta-defad76e7c2a.html:0
[   35519ms] [ERROR] Access to fetch at 'https://templates.openlen.com/templates/caja-4df336a3c0b5.html' from origin 'https://openlen.com' has been blocked by CORS policy: No 'Access-Control-Allow-Origin' header is present on the requested resource. @ https://openlen.com/api/templates:0
[   35520ms] [ERROR] Failed to load resource: net::ERR_FAILED @ https://templates.openlen.com/templates/caja-4df336a3c0b5.html:0
[   35521ms] [ERROR] Access to fetch at 'https://templates.openlen.com/templates/catedra-80e7b99ebbbe.html' from origin 'https://openlen.com' has been blocked by CORS policy: No 'Access-Control-Allow-Origin' header is present on the requested resource. @ https://openlen.com/api/templates:0
[   35521ms] [ERROR] Failed to load resource: net::ERR_FAILED @ https://templates.openlen.com/templates/catedra-80e7b99ebbbe.html:0
[   35526ms] [ERROR] Access to fetch at 'https://templates.openlen.com/templates/enjambre-4bd3bbb61a31.html' from origin 'https://openlen.com' has been blocked by CORS policy: No 'Access-Control-Allow-Origin' header is present on the requested resource. @ https://openlen.com/api/templates:0
[   35527ms] [ERROR] Failed to load resource: net::ERR_FAILED @ https://templates.openlen.com/templates/enjambre-4bd3bbb61a31.html:0
[   35529ms] [ERROR] Access to fetch at 'https://templates.openlen.com/templates/silex-ba5134b39860.html' from origin 'https://openlen.com' has been blocked by CORS policy: No 'Access-Control-Allow-Origin' header is present on the requested resource. @ https://openlen.com/api/templates:0
[   35529ms] [ERROR] Failed to load resource: net::ERR_FAILED @ https://templates.openlen.com/templates/silex-ba5134b39860.html:0
[   35529ms] [ERROR] Access to fetch at 'https://templates.openlen.com/templates/vispera-e5be8a8842ae.html' from origin 'https://openlen.com' has been blocked by CORS policy: No 'Access-Control-Allow-Origin' header is present on the requested resource. @ https://openlen.com/api/templates:0
[   35529ms] [ERROR] Failed to load resource: net::ERR_FAILED @ https://templates.openlen.com/templates/vispera-e5be8a8842ae.html:0
[   35533ms] [ERROR] Access to fetch at 'https://templates.openlen.com/templates/taller-997b82323c50.html' from origin 'https://openlen.com' has been blocked by CORS policy: No 'Access-Control-Allow-Origin' header is present on the requested resource. @ https://openlen.com/api/templates:0
[   35534ms] [ERROR] Failed to load resource: net::ERR_FAILED @ https://templates.openlen.com/templates/taller-997b82323c50.html:0
[   35540ms] [ERROR] Access to fetch at 'https://templates.openlen.com/templates/sosiego-572cdce2af97.html' from origin 'https://openlen.com' has been blocked by CORS policy: No 'Access-Control-Allow-Origin' header is present on the requested resource. @ https://openlen.com/api/templates:0
[   35540ms] [ERROR] Failed to load resource: net::ERR_FAILED @ https://templates.openlen.com/templates/sosiego-572cdce2af97.html:0
[   35541ms] [ERROR] Access to fetch at 'https://templates.openlen.com/templates/canto-009c9d4ba5af.html' from origin 'https://openlen.com' has been blocked by CORS policy: No 'Access-Control-Allow-Origin' header is present on the requested resource. @ https://openlen.com/api/templates:0
[   35541ms] [ERROR] Failed to load resource: net::ERR_FAILED @ https://templates.openlen.com/templates/canto-009c9d4ba5af.html:0
[   35556ms] [ERROR] Access to fetch at 'https://templates.openlen.com/templates/brasa-e8b780287f46.html' from origin 'https://openlen.com' has been blocked by CORS policy: No 'Access-Control-Allow-Origin' header is present on the requested resource. @ https://openlen.com/api/templates:0
[   35556ms] [ERROR] Failed to load resource: net::ERR_FAILED @ https://templates.openlen.com/templates/brasa-e8b780287f46.html:0
[   35563ms] [ERROR] Access to fetch at 'https://templates.openlen.com/templates/perigeo-524054c4c0b2.html' from origin 'https://openlen.com' has been blocked by CORS policy: No 'Access-Control-Allow-Origin' header is present on the requested resource. @ https://openlen.com/api/templates:0
[   35563ms] [ERROR] Failed to load resource: net::ERR_FAILED @ https://templates.openlen.com/templates/perigeo-524054c4c0b2.html:0
[   35566ms] [ERROR] Access to fetch at 'https://templates.openlen.com/templates/estacion-beccb04a82e6.html' from origin 'https://openlen.com' has been blocked by CORS policy: No 'Access-Control-Allow-Origin' header is present on the requested resource. @ https://openlen.com/api/templates:0
[   35566ms] [ERROR] Failed to load resource: net::ERR_FAILED @ https://templates.openlen.com/templates/estacion-beccb04a82e6.html:0
[   35574ms] [ERROR] Access to fetch at 'https://templates.openlen.com/templates/caudal-980de2980a22.html' from origin 'https://openlen.com' has been blocked by CORS policy: No 'Access-Control-Allow-Origin' header is present on the requested resource. @ https://openlen.com/api/templates:0
[   35574ms] [ERROR] Failed to load resource: net::ERR_FAILED @ https://templates.openlen.com/templates/caudal-980de2980a22.html:0
[   35583ms] [ERROR] Access to fetch at 'https://templates.openlen.com/templates/yunque-91fc7bd8b962.html' from origin 'https://openlen.com' has been blocked by CORS policy: No 'Access-Control-Allow-Origin' header is present on the requested resource. @ https://openlen.com/api/templates:0
[   35583ms] [ERROR] Failed to load resource: net::ERR_FAILED @ https://templates.openlen.com/templates/yunque-91fc7bd8b962.html:0
[   35632ms] [ERROR] Access to fetch at 'https://templates.openlen.com/templates/lazo-1486172c1776.html' from origin 'https://openlen.com' has been blocked by CORS policy: No 'Access-Control-Allow-Origin' header is present on the requested resource. @ https://openlen.com/api/templates:0
[   35633ms] [ERROR] Failed to load resource: net::ERR_FAILED @ https://templates.openlen.com/templates/lazo-1486172c1776.html:0
[   35659ms] [ERROR] Access to fetch at 'https://templates.openlen.com/templates/dial-ade0ed7f1279.html' from origin 'https://openlen.com' has been blocked by CORS policy: No 'Access-Control-Allow-Origin' header is present on the requested resource. @ https://openlen.com/api/templates:0
[   35659ms] [ERROR] Failed to load resource: net::ERR_FAILED @ https://templates.openlen.com/templates/dial-ade0ed7f1279.html:0
[   35664ms] [ERROR] Access to fetch at 'https://templates.openlen.com/templates/dinamo-384cc2e567c0.html' from origin 'https://openlen.com' has been blocked by CORS policy: No 'Access-Control-Allow-Origin' header is present on the requested resource. @ https://openlen.com/api/templates:0
[   35664ms] [ERROR] Failed to load resource: net::ERR_FAILED @ https://templates.openlen.com/templates/dinamo-384cc2e567c0.html:0
[   35712ms] [ERROR] Access to fetch at 'https://templates.openlen.com/templates/antena-5f926bae1080.html' from origin 'https://openlen.com' has been blocked by CORS policy: No 'Access-Control-Allow-Origin' header is present on the requested resource. @ https://openlen.com/api/templates:0
[   35712ms] [ERROR] Failed to load resource: net::ERR_FAILED @ https://templates.openlen.com/templates/antena-5f926bae1080.html:0
[   35780ms] [ERROR] Access to fetch at 'https://templates.openlen.com/templates/paramo-7e0ecb63df8e.html' from origin 'https://openlen.com' has been blocked by CORS policy: No 'Access-Control-Allow-Origin' header is present on the requested resource. @ https://openlen.com/api/templates:0
[   35780ms] [ERROR] Failed to load resource: net::ERR_FAILED @ https://templates.openlen.com/templates/paramo-7e0ecb63df8e.html:0
[   35791ms] [ERROR] Access to fetch at 'https://templates.openlen.com/templates/vano-68be938de948.html' from origin 'https://openlen.com' has been blocked by CORS policy: No 'Access-Control-Allow-Origin' header is present on the requested resource. @ https://openlen.com/api/templates:0
[   35791ms] [ERROR] Failed to load resource: net::ERR_FAILED @ https://templates.openlen.com/templates/vano-68be938de948.html:0
[   35952ms] [ERROR] Access to fetch at 'https://templates.openlen.com/templates/pliego-250e217662e2.html' from origin 'https://openlen.com' has been blocked by CORS policy: No 'Access-Control-Allow-Origin' header is present on the requested resource. @ https://openlen.com/api/templates:0
[   35952ms] [ERROR] Failed to load resource: net::ERR_FAILED @ https://templates.openlen.com/templates/pliego-250e217662e2.html:0
[   35959ms] [ERROR] Access to fetch at 'https://templates.openlen.com/templates/anillo-ebea581d0ffb.html' from origin 'https://openlen.com' has been blocked by CORS policy: No 'Access-Control-Allow-Origin' header is present on the requested resource. @ https://openlen.com/api/templates:0
[   35959ms] [ERROR] Failed to load resource: net::ERR_FAILED @ https://templates.openlen.com/templates/anillo-ebea581d0ffb.html:0
[   35962ms] [ERROR] Access to fetch at 'https://templates.openlen.com/templates/percal-10992179549e.html' from origin 'https://openlen.com' has been blocked by CORS policy: No 'Access-Control-Allow-Origin' header is present on the requested resource. @ https://openlen.com/api/templates:0
[   35962ms] [ERROR] Failed to load resource: net::ERR_FAILED @ https://templates.openlen.com/templates/percal-10992179549e.html:0
[   35968ms] [ERROR] Access to fetch at 'https://templates.openlen.com/templates/diario-3ab35f210c3b.html' from origin 'https://openlen.com' has been blocked by CORS policy: No 'Access-Control-Allow-Origin' header is present on the requested resource. @ https://openlen.com/api/templates:0
[   35969ms] [ERROR] Failed to load resource: net::ERR_FAILED @ https://templates.openlen.com/templates/diario-3ab35f210c3b.html:0
[   35969ms] [ERROR] Access to fetch at 'https://templates.openlen.com/templates/siembra-c35f6c90a451.html' from origin 'https://openlen.com' has been blocked by CORS policy: No 'Access-Control-Allow-Origin' header is present on the requested resource. @ https://openlen.com/api/templates:0
[   35969ms] [ERROR] Failed to load resource: net::ERR_FAILED @ https://templates.openlen.com/templates/siembra-c35f6c90a451.html:0
[   35969ms] [ERROR] Access to fetch at 'https://templates.openlen.com/templates/buzon-3cbe0a8e22f8.html' from origin 'https://openlen.com' has been blocked by CORS policy: No 'Access-Control-Allow-Origin' header is present on the requested resource. @ https://openlen.com/api/templates:0
[   35969ms] [ERROR] Failed to load resource: net::ERR_FAILED @ https://templates.openlen.com/templates/buzon-3cbe0a8e22f8.html:0
[   35969ms] [ERROR] Access to fetch at 'https://templates.openlen.com/templates/apunte-63e83b09cc88.html' from origin 'https://openlen.com' has been blocked by CORS policy: No 'Access-Control-Allow-Origin' header is present on the requested resource. @ https://openlen.com/api/templates:0
[   35970ms] [ERROR] Failed to load resource: net::ERR_FAILED @ https://templates.openlen.com/templates/apunte-63e83b09cc88.html:0
[   35975ms] [ERROR] Access to fetch at 'https://templates.openlen.com/templates/trazo-33a0b7b503a3.html' from origin 'https://openlen.com' has been blocked by CORS policy: No 'Access-Control-Allow-Origin' header is present on the requested resource. @ https://openlen.com/api/templates:0
[   35975ms] [ERROR] Failed to load resource: net::ERR_FAILED @ https://templates.openlen.com/templates/trazo-33a0b7b503a3.html:0
[   35986ms] [ERROR] Access to fetch at 'https://templates.openlen.com/templates/recibo-f95eb490a9a4.html' from origin 'https://openlen.com' has been blocked by CORS policy: No 'Access-Control-Allow-Origin' header is present on the requested resource. @ https://openlen.com/api/templates:0
[   35986ms] [ERROR] Failed to load resource: net::ERR_FAILED @ https://templates.openlen.com/templates/recibo-f95eb490a9a4.html:0
[   35992ms] [ERROR] Access to fetch at 'https://templates.openlen.com/templates/tanino-81da7a05fbbd.html' from origin 'https://openlen.com' has been blocked by CORS policy: No 'Access-Control-Allow-Origin' header is present on the requested resource. @ https://openlen.com/api/templates:0
[   35992ms] [ERROR] Failed to load resource: net::ERR_FAILED @ https://templates.openlen.com/templates/tanino-81da7a05fbbd.html:0
[   35996ms] [ERROR] Access to fetch at 'https://templates.openlen.com/templates/abismo-a65ba7fa62e7.html' from origin 'https://openlen.com' has been blocked by CORS policy: No 'Access-Control-Allow-Origin' header is present on the requested resource. @ https://openlen.com/api/templates:0
[   35996ms] [ERROR] Failed to load resource: net::ERR_FAILED @ https://templates.openlen.com/templates/abismo-a65ba7fa62e7.html:0
[   35998ms] [ERROR] Access to fetch at 'https://templates.openlen.com/templates/renta-4879fa8d55ba.html' from origin 'https://openlen.com' has been blocked by CORS policy: No 'Access-Control-Allow-Origin' header is present on the requested resource. @ https://openlen.com/api/templates:0
[   35998ms] [ERROR] Failed to load resource: net::ERR_FAILED @ https://templates.openlen.com/templates/renta-4879fa8d55ba.html:0
[   36007ms] [ERROR] Access to fetch at 'https://templates.openlen.com/templates/termas-c2e232e1b865.html' from origin 'https://openlen.com' has been blocked by CORS policy: No 'Access-Control-Allow-Origin' header is present on the requested resource. @ https://openlen.com/api/templates:0
[   36008ms] [ERROR] Failed to load resource: net::ERR_FAILED @ https://templates.openlen.com/templates/termas-c2e232e1b865.html:0
[   36013ms] [ERROR] Access to fetch at 'https://templates.openlen.com/templates/loto-f88e96b66634.html' from origin 'https://openlen.com' has been blocked by CORS policy: No 'Access-Control-Allow-Origin' header is present on the requested resource. @ https://openlen.com/api/templates:0
[   36014ms] [ERROR] Failed to load resource: net::ERR_FAILED @ https://templates.openlen.com/templates/loto-f88e96b66634.html:0
[   36030ms] [ERROR] Access to fetch at 'https://templates.openlen.com/templates/sabana-c6ee29f7d0d2.html' from origin 'https://openlen.com' has been blocked by CORS policy: No 'Access-Control-Allow-Origin' header is present on the requested resource. @ https://openlen.com/api/templates:0
[   36030ms] [ERROR] Failed to load resource: net::ERR_FAILED @ https://templates.openlen.com/templates/sabana-c6ee29f7d0d2.html:0
[   36039ms] [ERROR] Access to fetch at 'https://templates.openlen.com/templates/boceto-87ff489a3a90.html' from origin 'https://openlen.com' has been blocked by CORS policy: No 'Access-Control-Allow-Origin' header is present on the requested resource. @ https://openlen.com/api/templates:0
[   36039ms] [ERROR] Failed to load resource: net::ERR_FAILED @ https://templates.openlen.com/templates/boceto-87ff489a3a90.html:0
[   36046ms] [ERROR] Access to fetch at 'https://templates.openlen.com/templates/metrica-92cb8c635a05.html' from origin 'https://openlen.com' has been blocked by CORS policy: No 'Access-Control-Allow-Origin' header is present on the requested resource. @ https://openlen.com/api/templates:0
[   36046ms] [ERROR] Failed to load resource: net::ERR_FAILED @ https://templates.openlen.com/templates/metrica-92cb8c635a05.html:0
[   36062ms] [ERROR] Access to fetch at 'https://templates.openlen.com/templates/remanso-a159fc9d85c5.html' from origin 'https://openlen.com' has been blocked by CORS policy: No 'Access-Control-Allow-Origin' header is present on the requested resource. @ https://openlen.com/api/templates:0
[   36062ms] [ERROR] Failed to load resource: net::ERR_FAILED @ https://templates.openlen.com/templates/remanso-a159fc9d85c5.html:0
[   36063ms] [ERROR] Access to fetch at 'https://templates.openlen.com/templates/zancada-91f9c5cef8c9.html' from origin 'https://openlen.com' has been blocked by CORS policy: No 'Access-Control-Allow-Origin' header is present on the requested resource. @ https://openlen.com/api/templates:0
[   36063ms] [ERROR] Failed to load resource: net::ERR_FAILED @ https://templates.openlen.com/templates/zancada-91f9c5cef8c9.html:0
[   36068ms] [ERROR] Access to fetch at 'https://templates.openlen.com/templates/nomina-122821ac3682.html' from origin 'https://openlen.com' has been blocked by CORS policy: No 'Access-Control-Allow-Origin' header is present on the requested resource. @ https://openlen.com/api/templates:0
[   36068ms] [ERROR] Failed to load resource: net::ERR_FAILED @ https://templates.openlen.com/templates/nomina-122821ac3682.html:0
[   36076ms] [ERROR] Access to fetch at 'https://templates.openlen.com/templates/bitacora-98a3c7a0f46a.html' from origin 'https://openlen.com' has been blocked by CORS policy: No 'Access-Control-Allow-Origin' header is present on the requested resource. @ https://openlen.com/api/templates:0
[   36076ms] [ERROR] Failed to load resource: net::ERR_FAILED @ https://templates.openlen.com/templates/bitacora-98a3c7a0f46a.html:0
[   36088ms] [ERROR] Access to fetch at 'https://templates.openlen.com/templates/nexo-222a14a8e06e.html' from origin 'https://openlen.com' has been blocked by CORS policy: No 'Access-Control-Allow-Origin' header is present on the requested resource. @ https://openlen.com/api/templates:0
[   36088ms] [ERROR] Failed to load resource: net::ERR_FAILED @ https://templates.openlen.com/templates/nexo-222a14a8e06e.html:0
[   36088ms] [ERROR] Access to fetch at 'https://templates.openlen.com/templates/diafragma-512df6ac6cd6.html' from origin 'https://openlen.com' has been blocked by CORS policy: No 'Access-Control-Allow-Origin' header is present on the requested resource. @ https://openlen.com/api/templates:0
[   36089ms] [ERROR] Failed to load resource: net::ERR_FAILED @ https://templates.openlen.com/templates/diafragma-512df6ac6cd6.html:0
[   36104ms] [ERROR] Access to fetch at 'https://templates.openlen.com/templates/rocio-d145161ddd80.html' from origin 'https://openlen.com' has been blocked by CORS policy: No 'Access-Control-Allow-Origin' header is present on the requested resource. @ https://openlen.com/api/templates:0
[   36105ms] [ERROR] Failed to load resource: net::ERR_FAILED @ https://templates.openlen.com/templates/rocio-d145161ddd80.html:0
[   36263ms] [ERROR] Access to fetch at 'https://templates.openlen.com/templates/tueste-87b405ed2fda.html' from origin 'https://openlen.com' has been blocked by CORS policy: No 'Access-Control-Allow-Origin' header is present on the requested resource. @ https://openlen.com/api/templates:0
[   36263ms] [ERROR] Failed to load resource: net::ERR_FAILED @ https://templates.openlen.com/templates/tueste-87b405ed2fda.html:0
[   36264ms] [ERROR] Access to fetch at 'https://templates.openlen.com/templates/claqueta-920c82f92180.html' from origin 'https://openlen.com' has been blocked by CORS policy: No 'Access-Control-Allow-Origin' header is present on the requested resource. @ https://openlen.com/api/templates:0
[   36264ms] [ERROR] Failed to load resource: net::ERR_FAILED @ https://templates.openlen.com/templates/claqueta-920c82f92180.html:0
[   36269ms] [ERROR] Access to fetch at 'https://templates.openlen.com/templates/panal-8b506f3a387a.html' from origin 'https://openlen.com' has been blocked by CORS policy: No 'Access-Control-Allow-Origin' header is present on the requested resource. @ https://openlen.com/api/templates:0
[   36269ms] [ERROR] Failed to load resource: net::ERR_FAILED @ https://templates.openlen.com/templates/panal-8b506f3a387a.html:0
[   36273ms] [ERROR] Access to fetch at 'https://templates.openlen.com/templates/fogon-0bebe5dc15ec.html' from origin 'https://openlen.com' has been blocked by CORS policy: No 'Access-Control-Allow-Origin' header is present on the requested resource. @ https://openlen.com/api/templates:0
[   36273ms] [ERROR] Failed to load resource: net::ERR_FAILED @ https://templates.openlen.com/templates/fogon-0bebe5dc15ec.html:0
[   36274ms] [ERROR] Access to fetch at 'https://templates.openlen.com/templates/reforma-b72a02f864d0.html' from origin 'https://openlen.com' has been blocked by CORS policy: No 'Access-Control-Allow-Origin' header is present on the requested resource. @ https://openlen.com/api/templates:0
[   36274ms] [ERROR] Failed to load resource: net::ERR_FAILED @ https://templates.openlen.com/templates/reforma-b72a02f864d0.html:0
[   36277ms] [ERROR] Access to fetch at 'https://templates.openlen.com/templates/asfalto-107c7c64c43b.html' from origin 'https://openlen.com' has been blocked by CORS policy: No 'Access-Control-Allow-Origin' header is present on the requested resource. @ https://openlen.com/api/templates:0
[   36277ms] [ERROR] Failed to load resource: net::ERR_FAILED @ https://templates.openlen.com/templates/asfalto-107c7c64c43b.html:0
[   36278ms] [ERROR] Access to fetch at 'https://templates.openlen.com/templates/noir-3796464af464.html' from origin 'https://openlen.com' has been blocked by CORS policy: No 'Access-Control-Allow-Origin' header is present on the requested resource. @ https://openlen.com/api/templates:0
[   36278ms] [ERROR] Failed to load resource: net::ERR_FAILED @ https://templates.openlen.com/templates/noir-3796464af464.html:0
[   36279ms] [ERROR] Access to fetch at 'https://templates.openlen.com/templates/savia-477c4ee7f7ef.html' from origin 'https://openlen.com' has been blocked by CORS policy: No 'Access-Control-Allow-Origin' header is present on the requested resource. @ https://openlen.com/api/templates:0
[   36279ms] [ERROR] Failed to load resource: net::ERR_FAILED @ https://templates.openlen.com/templates/savia-477c4ee7f7ef.html:0
[   36285ms] [ERROR] Access to fetch at 'https://templates.openlen.com/templates/ledgerline-6cd1be65fbfd.html' from origin 'https://openlen.com' has been blocked by CORS policy: No 'Access-Control-Allow-Origin' header is present on the requested resource. @ https://openlen.com/api/templates:0
[   36285ms] [ERROR] Failed to load resource: net::ERR_FAILED @ https://templates.openlen.com/templates/ledgerline-6cd1be65fbfd.html:0
[   36288ms] [ERROR] Access to fetch at 'https://templates.openlen.com/templates/estado-0ba88511a952.html' from origin 'https://openlen.com' has been blocked by CORS policy: No 'Access-Control-Allow-Origin' header is present on the requested resource. @ https://openlen.com/api/templates:0
[   36288ms] [ERROR] Failed to load resource: net::ERR_FAILED @ https://templates.openlen.com/templates/estado-0ba88511a952.html:0
[   36294ms] [ERROR] Access to fetch at 'https://templates.openlen.com/templates/hoshi-1469053e2d28.html' from origin 'https://openlen.com' has been blocked by CORS policy: No 'Access-Control-Allow-Origin' header is present on the requested resource. @ https://openlen.com/api/templates:0
[   36294ms] [ERROR] Failed to load resource: net::ERR_FAILED @ https://templates.openlen.com/templates/hoshi-1469053e2d28.html:0
[   36299ms] [ERROR] Access to fetch at 'https://templates.openlen.com/templates/aldea-e1def7279e9d.html' from origin 'https://openlen.com' has been blocked by CORS policy: No 'Access-Control-Allow-Origin' header is present on the requested resource. @ https://openlen.com/api/templates:0
[   36299ms] [ERROR] Failed to load resource: net::ERR_FAILED @ https://templates.openlen.com/templates/aldea-e1def7279e9d.html:0
[   36300ms] [ERROR] Access to fetch at 'https://templates.openlen.com/templates/liebre-d6c6f902ec15.html' from origin 'https://openlen.com' has been blocked by CORS policy: No 'Access-Control-Allow-Origin' header is present on the requested resource. @ https://openlen.com/api/templates:0
[   36300ms] [ERROR] Failed to load resource: net::ERR_FAILED @ https://templates.openlen.com/templates/liebre-d6c6f902ec15.html:0
[   36300ms] [ERROR] Access to fetch at 'https://templates.openlen.com/templates/batuta-65b1d2c5d377.html' from origin 'https://openlen.com' has been blocked by CORS policy: No 'Access-Control-Allow-Origin' header is present on the requested resource. @ https://openlen.com/api/templates:0
[   36300ms] [ERROR] Failed to load resource: net::ERR_FAILED @ https://templates.openlen.com/templates/batuta-65b1d2c5d377.html:0
[   36313ms] [ERROR] Access to fetch at 'https://templates.openlen.com/templates/foldglass-446a1b78bf49.html' from origin 'https://openlen.com' has been blocked by CORS policy: No 'Access-Control-Allow-Origin' header is present on the requested resource. @ https://openlen.com/api/templates:0
[   36313ms] [ERROR] Failed to load resource: net::ERR_FAILED @ https://templates.openlen.com/templates/foldglass-446a1b78bf49.html:0
[   36325ms] [ERROR] Access to fetch at 'https://templates.openlen.com/templates/galeria-735fa92deff0.html' from origin 'https://openlen.com' has been blocked by CORS policy: No 'Access-Control-Allow-Origin' header is present on the requested resource. @ https://openlen.com/api/templates:0
[   36325ms] [ERROR] Failed to load resource: net::ERR_FAILED @ https://templates.openlen.com/templates/galeria-735fa92deff0.html:0
[   36331ms] [ERROR] Access to fetch at 'https://templates.openlen.com/templates/sable-b039f5ecda8a.html' from origin 'https://openlen.com' has been blocked by CORS policy: No 'Access-Control-Allow-Origin' header is present on the requested resource. @ https://openlen.com/api/templates:0
[   36331ms] [ERROR] Failed to load resource: net::ERR_FAILED @ https://templates.openlen.com/templates/sable-b039f5ecda8a.html:0
[   36352ms] [ERROR] Access to fetch at 'https://templates.openlen.com/templates/arcana-91d974ee17f4.html' from origin 'https://openlen.com' has been blocked by CORS policy: No 'Access-Control-Allow-Origin' header is present on the requested resource. @ https://openlen.com/api/templates:0
[   36352ms] [ERROR] Failed to load resource: net::ERR_FAILED @ https://templates.openlen.com/templates/arcana-91d974ee17f4.html:0
[   36359ms] [ERROR] Access to fetch at 'https://templates.openlen.com/templates/butaca-ac1b21f6750c.html' from origin 'https://openlen.com' has been blocked by CORS policy: No 'Access-Control-Allow-Origin' header is present on the requested resource. @ https://openlen.com/api/templates:0
[   36359ms] [ERROR] Failed to load resource: net::ERR_FAILED @ https://templates.openlen.com/templates/butaca-ac1b21f6750c.html:0
[   36360ms] [ERROR] Access to fetch at 'https://templates.openlen.com/templates/morada-b8cffda2f0d0.html' from origin 'https://openlen.com' has been blocked by CORS policy: No 'Access-Control-Allow-Origin' header is present on the requested resource. @ https://openlen.com/api/templates:0
[   36360ms] [ERROR] Failed to load resource: net::ERR_FAILED @ https://templates.openlen.com/templates/morada-b8cffda2f0d0.html:0
[   36375ms] [ERROR] Access to fetch at 'https://templates.openlen.com/templates/avenir-19457fa84a6b.html' from origin 'https://openlen.com' has been blocked by CORS policy: No 'Access-Control-Allow-Origin' header is present on the requested resource. @ https://openlen.com/api/templates:0
[   36375ms] [ERROR] Failed to load resource: net::ERR_FAILED @ https://templates.openlen.com/templates/avenir-19457fa84a6b.html:0
[   36417ms] [ERROR] Access to fetch at 'https://templates.openlen.com/templates/retina-b759174fe0c4.html' from origin 'https://openlen.com' has been blocked by CORS policy: No 'Access-Control-Allow-Origin' header is present on the requested resource. @ https://openlen.com/api/templates:0
[   36417ms] [ERROR] Failed to load resource: net::ERR_FAILED @ https://templates.openlen.com/templates/retina-b759174fe0c4.html:0
[   36421ms] [ERROR] Access to fetch at 'https://templates.openlen.com/templates/locutor-f9e057957385.html' from origin 'https://openlen.com' has been blocked by CORS policy: No 'Access-Control-Allow-Origin' header is present on the requested resource. @ https://openlen.com/api/templates:0
[   36421ms] [ERROR] Failed to load resource: net::ERR_FAILED @ https://templates.openlen.com/templates/locutor-f9e057957385.html:0
[   36624ms] [ERROR] Access to fetch at 'https://templates.openlen.com/templates/consulta-2246112262c1.html' from origin 'https://openlen.com' has been blocked by CORS policy: No 'Access-Control-Allow-Origin' header is present on the requested resource. @ https://openlen.com/api/templates:0
[   36624ms] [ERROR] Failed to load resource: net::ERR_FAILED @ https://templates.openlen.com/templates/consulta-2246112262c1.html:0
[   36755ms] [ERROR] Access to fetch at 'https://templates.openlen.com/templates/alta-vista-bbc514ac1bab.html' from origin 'https://openlen.com' has been blocked by CORS policy: No 'Access-Control-Allow-Origin' header is present on the requested resource. @ https://openlen.com/api/templates:0
[   36755ms] [ERROR] Failed to load resource: net::ERR_FAILED @ https://templates.openlen.com/templates/alta-vista-bbc514ac1bab.html:0
[   36782ms] [ERROR] Access to fetch at 'https://templates.openlen.com/templates/vereda-c98b7463fdc5.html' from origin 'https://openlen.com' has been blocked by CORS policy: No 'Access-Control-Allow-Origin' header is present on the requested resource. @ https://openlen.com/api/templates:0
[   36782ms] [ERROR] Failed to load resource: net::ERR_FAILED @ https://templates.openlen.com/templates/vereda-c98b7463fdc5.html:0
[   36782ms] [ERROR] Access to fetch at 'https://templates.openlen.com/templates/margot-rey-cfa34e2c09c2.html' from origin 'https://openlen.com' has been blocked by CORS policy: No 'Access-Control-Allow-Origin' header is present on the requested resource. @ https://openlen.com/api/templates:0
[   36782ms] [ERROR] Failed to load resource: net::ERR_FAILED @ https://templates.openlen.com/templates/margot-rey-cfa34e2c09c2.html:0
[   36789ms] [ERROR] Access to fetch at 'https://templates.openlen.com/templates/atlas-studio-5ca5b56a680e.html' from origin 'https://openlen.com' has been blocked by CORS policy: No 'Access-Control-Allow-Origin' header is present on the requested resource. @ https://openlen.com/api/templates:0
[   36789ms] [ERROR] Failed to load resource: net::ERR_FAILED @ https://templates.openlen.com/templates/atlas-studio-5ca5b56a680e.html:0
[   36791ms] [ERROR] Access to fetch at 'https://templates.openlen.com/templates/channel-72d6dc130173.html' from origin 'https://openlen.com' has been blocked by CORS policy: No 'Access-Control-Allow-Origin' header is present on the requested resource. @ https://openlen.com/api/templates:0
[   36791ms] [ERROR] Failed to load resource: net::ERR_FAILED @ https://templates.openlen.com/templates/channel-72d6dc130173.html:0
[   36793ms] [ERROR] Access to fetch at 'https://templates.openlen.com/templates/reel-4d1ff45adf6d.html' from origin 'https://openlen.com' has been blocked by CORS policy: No 'Access-Control-Allow-Origin' header is present on the requested resource. @ https://openlen.com/api/templates:0
[   36793ms] [ERROR] Failed to load resource: net::ERR_FAILED @ https://templates.openlen.com/templates/reel-4d1ff45adf6d.html:0
[   36793ms] [ERROR] Access to fetch at 'https://templates.openlen.com/templates/terral-cafe-cb5b0e2b1f78.html' from origin 'https://openlen.com' has been blocked by CORS policy: No 'Access-Control-Allow-Origin' header is present on the requested resource. @ https://openlen.com/api/templates:0
[   36793ms] [ERROR] Failed to load resource: net::ERR_FAILED @ https://templates.openlen.com/templates/terral-cafe-cb5b0e2b1f78.html:0
[   36794ms] [ERROR] Access to fetch at 'https://templates.openlen.com/templates/umbra-c5c3a954ed8c.html' from origin 'https://openlen.com' has been blocked by CORS policy: No 'Access-Control-Allow-Origin' header is present on the requested resource. @ https://openlen.com/api/templates:0
[   36794ms] [ERROR] Failed to load resource: net::ERR_FAILED @ https://templates.openlen.com/templates/umbra-c5c3a954ed8c.html:0
[   36795ms] [ERROR] Access to fetch at 'https://templates.openlen.com/templates/masterclass-ac73e2cb1432.html' from origin 'https://openlen.com' has been blocked by CORS policy: No 'Access-Control-Allow-Origin' header is present on the requested resource. @ https://openlen.com/api/templates:0
[   36795ms] [ERROR] Failed to load resource: net::ERR_FAILED @ https://templates.openlen.com/templates/masterclass-ac73e2cb1432.html:0
[   36798ms] [ERROR] Access to fetch at 'https://templates.openlen.com/templates/taller-ambar-d21e162bc3f4.html' from origin 'https://openlen.com' has been blocked by CORS policy: No 'Access-Control-Allow-Origin' header is present on the requested resource. @ https://openlen.com/api/templates:0
[   36798ms] [ERROR] Failed to load resource: net::ERR_FAILED @ https://templates.openlen.com/templates/taller-ambar-d21e162bc3f4.html:0
[   36801ms] [ERROR] Access to fetch at 'https://templates.openlen.com/templates/alheli-08cf3a8aa470.html' from origin 'https://openlen.com' has been blocked by CORS policy: No 'Access-Control-Allow-Origin' header is present on the requested resource. @ https://openlen.com/api/templates:0
[   36801ms] [ERROR] Failed to load resource: net::ERR_FAILED @ https://templates.openlen.com/templates/alheli-08cf3a8aa470.html:0
[   36803ms] [ERROR] Access to fetch at 'https://templates.openlen.com/templates/semilla-abierta-59eb6763e32a.html' from origin 'https://openlen.com' has been blocked by CORS policy: No 'Access-Control-Allow-Origin' header is present on the requested resource. @ https://openlen.com/api/templates:0
[   36803ms] [ERROR] Failed to load resource: net::ERR_FAILED @ https://templates.openlen.com/templates/semilla-abierta-59eb6763e32a.html:0
[   36805ms] [ERROR] Access to fetch at 'https://templates.openlen.com/templates/korper-a1e801e82bc3.html' from origin 'https://openlen.com' has been blocked by CORS policy: No 'Access-Control-Allow-Origin' header is present on the requested resource. @ https://openlen.com/api/templates:0
[   36806ms] [ERROR] Failed to load resource: net::ERR_FAILED @ https://templates.openlen.com/templates/korper-a1e801e82bc3.html:0
[   36811ms] [ERROR] Access to fetch at 'https://templates.openlen.com/templates/champions-final-4e14435c7d46.html' from origin 'https://openlen.com' has been blocked by CORS policy: No 'Access-Control-Allow-Origin' header is present on the requested resource. @ https://openlen.com/api/templates:0
[   36811ms] [ERROR] Failed to load resource: net::ERR_FAILED @ https://templates.openlen.com/templates/champions-final-4e14435c7d46.html:0
[   36812ms] [ERROR] Access to fetch at 'https://templates.openlen.com/templates/luma-78adb52ff5f3.html' from origin 'https://openlen.com' has been blocked by CORS policy: No 'Access-Control-Allow-Origin' header is present on the requested resource. @ https://openlen.com/api/templates:0
[   36812ms] [ERROR] Failed to load resource: net::ERR_FAILED @ https://templates.openlen.com/templates/luma-78adb52ff5f3.html:0
[   36822ms] [ERROR] Access to fetch at 'https://templates.openlen.com/templates/film-form-241183796c4c.html' from origin 'https://openlen.com' has been blocked by CORS policy: No 'Access-Control-Allow-Origin' header is present on the requested resource. @ https://openlen.com/api/templates:0
[   36822ms] [ERROR] Failed to load resource: net::ERR_FAILED @ https://templates.openlen.com/templates/film-form-241183796c4c.html:0
[   36824ms] [ERROR] Access to fetch at 'https://templates.openlen.com/templates/rena-luna-d0ee4be925e3.html' from origin 'https://openlen.com' has been blocked by CORS policy: No 'Access-Control-Allow-Origin' header is present on the requested resource. @ https://openlen.com/api/templates:0
[   36824ms] [ERROR] Failed to load resource: net::ERR_FAILED @ https://templates.openlen.com/templates/rena-luna-d0ee4be925e3.html:0
[   36827ms] [ERROR] Access to fetch at 'https://templates.openlen.com/templates/stage-46fe7f87e394.html' from origin 'https://openlen.com' has been blocked by CORS policy: No 'Access-Control-Allow-Origin' header is present on the requested resource. @ https://openlen.com/api/templates:0
[   36827ms] [ERROR] Failed to load resource: net::ERR_FAILED @ https://templates.openlen.com/templates/stage-46fe7f87e394.html:0
[   36830ms] [ERROR] Access to fetch at 'https://templates.openlen.com/templates/forja-gym-7de3f64512c4.html' from origin 'https://openlen.com' has been blocked by CORS policy: No 'Access-Control-Allow-Origin' header is present on the requested resource. @ https://openlen.com/api/templates:0
[   36830ms] [ERROR] Failed to load resource: net::ERR_FAILED @ https://templates.openlen.com/templates/forja-gym-7de3f64512c4.html:0
[   36833ms] [ERROR] Access to fetch at 'https://templates.openlen.com/templates/casa-almar-b899291f1ac3.html' from origin 'https://openlen.com' has been blocked by CORS policy: No 'Access-Control-Allow-Origin' header is present on the requested resource. @ https://openlen.com/api/templates:0
[   36833ms] [ERROR] Failed to load resource: net::ERR_FAILED @ https://templates.openlen.com/templates/casa-almar-b899291f1ac3.html:0
[   36837ms] [ERROR] Access to fetch at 'https://templates.openlen.com/templates/vegas-faceoff-a34a86e311d1.html' from origin 'https://openlen.com' has been blocked by CORS policy: No 'Access-Control-Allow-Origin' header is present on the requested resource. @ https://openlen.com/api/templates:0
[   36837ms] [ERROR] Failed to load resource: net::ERR_FAILED @ https://templates.openlen.com/templates/vegas-faceoff-a34a86e311d1.html:0
[   36853ms] [ERROR] Access to fetch at 'https://templates.openlen.com/templates/vera-nutricion-9fc83eb63d32.html' from origin 'https://openlen.com' has been blocked by CORS policy: No 'Access-Control-Allow-Origin' header is present on the requested resource. @ https://openlen.com/api/templates:0
[   36853ms] [ERROR] Failed to load resource: net::ERR_FAILED @ https://templates.openlen.com/templates/vera-nutricion-9fc83eb63d32.html:0
[   36861ms] [ERROR] Access to fetch at 'https://templates.openlen.com/templates/norte-barberia-aef7261b24b9.html' from origin 'https://openlen.com' has been blocked by CORS policy: No 'Access-Control-Allow-Origin' header is present on the requested resource. @ https://openlen.com/api/templates:0
[   36861ms] [ERROR] Failed to load resource: net::ERR_FAILED @ https://templates.openlen.com/templates/norte-barberia-aef7261b24b9.html:0
[   36869ms] [ERROR] Access to fetch at 'https://templates.openlen.com/templates/los-vados-87a2ab6240aa.html' from origin 'https://openlen.com' has been blocked by CORS policy: No 'Access-Control-Allow-Origin' header is present on the requested resource. @ https://openlen.com/api/templates:0
[   36869ms] [ERROR] Failed to load resource: net::ERR_FAILED @ https://templates.openlen.com/templates/los-vados-87a2ab6240aa.html:0
[   36979ms] [ERROR] Access to fetch at 'https://templates.openlen.com/templates/cardo-01b763b7a14c.html' from origin 'https://openlen.com' has been blocked by CORS policy: No 'Access-Control-Allow-Origin' header is present on the requested resource. @ https://openlen.com/api/templates:0
[   36979ms] [ERROR] Failed to load resource: net::ERR_FAILED @ https://templates.openlen.com/templates/cardo-01b763b7a14c.html:0
[   37029ms] [ERROR] Access to fetch at 'https://templates.openlen.com/templates/quince-valentina-8b0c47b527b4.html' from origin 'https://openlen.com' has been blocked by CORS policy: No 'Access-Control-Allow-Origin' header is present on the requested resource. @ https://openlen.com/api/templates:0
[   37029ms] [ERROR] Failed to load resource: net::ERR_FAILED @ https://templates.openlen.com/templates/quince-valentina-8b0c47b527b4.html:0
[   37036ms] [ERROR] Access to fetch at 'https://templates.openlen.com/templates/marejada-ce6f0c7d48c1.html' from origin 'https://openlen.com' has been blocked by CORS policy: No 'Access-Control-Allow-Origin' header is present on the requested resource. @ https://openlen.com/api/templates:0
[   37036ms] [ERROR] Failed to load resource: net::ERR_FAILED @ https://templates.openlen.com/templates/marejada-ce6f0c7d48c1.html:0
[   37043ms] [ERROR] Access to fetch at 'https://templates.openlen.com/templates/aire-estudio-83ee1370ad38.html' from origin 'https://openlen.com' has been blocked by CORS policy: No 'Access-Control-Allow-Origin' header is present on the requested resource. @ https://openlen.com/api/templates:0
[   37043ms] [ERROR] Failed to load resource: net::ERR_FAILED @ https://templates.openlen.com/templates/aire-estudio-83ee1370ad38.html:0
[   37044ms] [ERROR] Access to fetch at 'https://templates.openlen.com/templates/floreria-brote-97f12669c7e3.html' from origin 'https://openlen.com' has been blocked by CORS policy: No 'Access-Control-Allow-Origin' header is present on the requested resource. @ https://openlen.com/api/templates:0
[   37044ms] [ERROR] Failed to load resource: net::ERR_FAILED @ https://templates.openlen.com/templates/floreria-brote-97f12669c7e3.html:0
[   37045ms] [ERROR] Access to fetch at 'https://templates.openlen.com/templates/ceniza-59dbaf563828.html' from origin 'https://openlen.com' has been blocked by CORS policy: No 'Access-Control-Allow-Origin' header is present on the requested resource. @ https://openlen.com/api/templates:0
[   37045ms] [ERROR] Failed to load resource: net::ERR_FAILED @ https://templates.openlen.com/templates/ceniza-59dbaf563828.html:0
[   37046ms] [ERROR] Access to fetch at 'https://templates.openlen.com/templates/voltio-322995fc8669.html' from origin 'https://openlen.com' has been blocked by CORS policy: No 'Access-Control-Allow-Origin' header is present on the requested resource. @ https://openlen.com/api/templates:0
[   37047ms] [ERROR] Failed to load resource: net::ERR_FAILED @ https://templates.openlen.com/templates/voltio-322995fc8669.html:0
[   37049ms] [ERROR] Access to fetch at 'https://templates.openlen.com/templates/nitida-b87c6887ce1c.html' from origin 'https://openlen.com' has been blocked by CORS policy: No 'Access-Control-Allow-Origin' header is present on the requested resource. @ https://openlen.com/api/templates:0
[   37049ms] [ERROR] Failed to load resource: net::ERR_FAILED @ https://templates.openlen.com/templates/nitida-b87c6887ce1c.html:0
[   37057ms] [ERROR] Access to fetch at 'https://templates.openlen.com/templates/el-paradero-ab85bb833244.html' from origin 'https://openlen.com' has been blocked by CORS policy: No 'Access-Control-Allow-Origin' header is present on the requested resource. @ https://openlen.com/api/templates:0
[   37057ms] [ERROR] Failed to load resource: net::ERR_FAILED @ https://templates.openlen.com/templates/el-paradero-ab85bb833244.html:0
[   37058ms] [ERROR] Access to fetch at 'https://templates.openlen.com/templates/amanecer-c2875913573c.html' from origin 'https://openlen.com' has been blocked by CORS policy: No 'Access-Control-Allow-Origin' header is present on the requested resource. @ https://openlen.com/api/templates:0
[   37058ms] [ERROR] Failed to load resource: net::ERR_FAILED @ https://templates.openlen.com/templates/amanecer-c2875913573c.html:0
[   37068ms] [ERROR] Access to fetch at 'https://templates.openlen.com/templates/roble-y-luz-28825f88382b.html' from origin 'https://openlen.com' has been blocked by CORS policy: No 'Access-Control-Allow-Origin' header is present on the requested resource. @ https://openlen.com/api/templates:0
[   37068ms] [ERROR] Failed to load resource: net::ERR_FAILED @ https://templates.openlen.com/templates/roble-y-luz-28825f88382b.html:0
[   37070ms] [ERROR] Access to fetch at 'https://templates.openlen.com/templates/altanube-421b314b6d7c.html' from origin 'https://openlen.com' has been blocked by CORS policy: No 'Access-Control-Allow-Origin' header is present on the requested resource. @ https://openlen.com/api/templates:0
[   37070ms] [ERROR] Failed to load resource: net::ERR_FAILED @ https://templates.openlen.com/templates/altanube-421b314b6d7c.html:0
[   37072ms] [ERROR] Access to fetch at 'https://templates.openlen.com/templates/taller-rio-95f901c59afc.html' from origin 'https://openlen.com' has been blocked by CORS policy: No 'Access-Control-Allow-Origin' header is present on the requested resource. @ https://openlen.com/api/templates:0
[   37072ms] [ERROR] Failed to load resource: net::ERR_FAILED @ https://templates.openlen.com/templates/taller-rio-95f901c59afc.html:0
[   37074ms] [ERROR] Access to fetch at 'https://templates.openlen.com/templates/norte-fc-948184d85a0c.html' from origin 'https://openlen.com' has been blocked by CORS policy: No 'Access-Control-Allow-Origin' header is present on the requested resource. @ https://openlen.com/api/templates:0
[   37074ms] [ERROR] Failed to load resource: net::ERR_FAILED @ https://templates.openlen.com/templates/norte-fc-948184d85a0c.html:0
[   37075ms] [ERROR] Access to fetch at 'https://templates.openlen.com/templates/arteaga-luna-dc038c5c8906.html' from origin 'https://openlen.com' has been blocked by CORS policy: No 'Access-Control-Allow-Origin' header is present on the requested resource. @ https://openlen.com/api/templates:0
[   37075ms] [ERROR] Failed to load resource: net::ERR_FAILED @ https://templates.openlen.com/templates/arteaga-luna-dc038c5c8906.html:0
[   37075ms] [ERROR] Access to fetch at 'https://templates.openlen.com/templates/vuelta-ed345cbc784a.html' from origin 'https://openlen.com' has been blocked by CORS policy: No 'Access-Control-Allow-Origin' header is present on the requested resource. @ https://openlen.com/api/templates:0
[   37075ms] [ERROR] Failed to load resource: net::ERR_FAILED @ https://templates.openlen.com/templates/vuelta-ed345cbc784a.html:0
[   37096ms] [ERROR] Access to fetch at 'https://templates.openlen.com/templates/riva-dental-0ce379b96481.html' from origin 'https://openlen.com' has been blocked by CORS policy: No 'Access-Control-Allow-Origin' header is present on the requested resource. @ https://openlen.com/api/templates:0
[   37096ms] [ERROR] Failed to load resource: net::ERR_FAILED @ https://templates.openlen.com/templates/riva-dental-0ce379b96481.html:0
[   37119ms] [ERROR] Access to fetch at 'https://templates.openlen.com/templates/faro-films-86aaa518f2ac.html' from origin 'https://openlen.com' has been blocked by CORS policy: No 'Access-Control-Allow-Origin' header is present on the requested resource. @ https://openlen.com/api/templates:0
[   37119ms] [ERROR] Failed to load resource: net::ERR_FAILED @ https://templates.openlen.com/templates/faro-films-86aaa518f2ac.html:0
[   40134ms] [WARNING] The resource https://openlen.com/_next/static/css/46d199d48afef9c0.css was preloaded using link preload but not used within a few seconds from the window's load event. Please make sure it has an appropriate `as` value and it is preloaded intentionally. @ https://openlen.com/api/templates:0
[   40134ms] [WARNING] The resource https://openlen.com/_next/static/css/053ccc37dbf86510.css was preloaded using link preload but not used within a few seconds from the window's load event. Please make sure it has an appropriate `as` value and it is preloaded intentionally. @ https://openlen.com/api/templates:0
[   54736ms] [WARNING] The resource https://openlen.com/_next/static/css/46d199d48afef9c0.css was preloaded using link preload but not used within a few seconds from the window's load event. Please make sure it has an appropriate `as` value and it is preloaded intentionally. @ https://openlen.com/api/templates:0
[   54736ms] [WARNING] The resource https://openlen.com/_next/static/css/053ccc37dbf86510.css was preloaded using link preload but not used within a few seconds from the window's load event. Please make sure it has an appropriate `as` value and it is preloaded intentionally. @ https://openlen.com/api/templates:0
